Sex,School Code,Playing Years,Playing Often,Playing Hours,Playing Games,Parent Revenue,Father Education,Mother Education,Grade,PCA1,PCA2,Grade Category,Cluster
0.0,0.0,0.25,0.4,0.2,0.5,1.0,0.6666666666666666,0.8333333333333333,77.5,-3.8050892503522267,-1.154407565885771,Medium,2
1.0,0.0,0.25,0.6000000000000001,0.2,0.5,0.25,0.5,0.5,83.0,-3.7943495297183394,-0.6763567708427574,High,1
0.0,0.0,0.0,0.0,0.0,0.0,0.25,0.5,0.5,80.0,-3.2231166514047165,-3.9797606897194733,Medium,0
0.0,0.0,0.75,1.0,0.2,0.5,0.5,0.3333333333333333,0.5,45.0,-4.311162731302858,1.6093922196058852,Low,2
1.0,0.0,0.25,0.2,0.4,0.5,0.25,0.5,0.6666666666666666,85.0,-3.5911249677864094,-1.59790593509741,High,1
0.0,0.0,0.25,1.0,0.2,0.5,0.25,0.3333333333333333,0.3333333333333333,80.0,-4.122431647174865,0.5498389835424167,Medium,2
0.0,0.0,0.25,0.4,0.4,0.5,0.5,0.5,0.5,55.0,-3.8329216680031566,-0.9971722068880102,Low,2
0.0,0.0,0.25,1.0,0.4,0.5,0.5,0.5,0.5,80.0,-4.212451591517332,1.1513314987240708,Medium,2
1.0,0.0,0.5,0.2,0.2,0.5,0.75,0.5,0.8333333333333333,60.0,-3.7108106083603465,-1.4125563081002164,Low,1
0.0,0.0,0.5,1.0,0.4,0.5,0.25,0.3333333333333333,0.6666666666666666,88.0,-4.207384792005563,1.6109185111564495,High,2
1.0,0.0,1.0,0.2,0.2,0.5,0.5,0.6666666666666666,0.3333333333333333,80.0,-3.823704567693361,-0.6709859794925097,Medium,1
0.0,0.0,0.0,0.0,0.0,0.0,0.5,0.6666666666666666,0.6666666666666666,45.0,-3.229171919554664,-3.813085327778258,Low,0
1.0,0.0,0.75,0.6000000000000001,0.4,0.5,0.5,0.8333333333333333,0.8333333333333333,90.0,-3.944832556440465,1.0055209639869513,High,1
1.0,0.0,1.0,0.2,0.4,0.5,0.5,0.8333333333333333,0.8333333333333333,74.0,-3.761139654299191,0.04750856212656718,Medium,1
1.0,0.0,0.75,1.0,1.0,0.5,0.5,0.6666666666666666,0.6666666666666666,95.0,-4.5279375453841615,3.610569811563609,High,1
1.0,0.0,0.5,0.8,0.6000000000000001,0.5,0.25,0.5,0.5,50.0,-4.1581159034762765,1.3837688393898189,Low,1
0.0,0.0,0.25,1.0,0.2,0.5,0.25,0.6666666666666666,0.16666666666666666,98.0,-4.0685574918064775,0.5854073565756277,High,2
1.0,0.0,0.5,0.4,0.6000000000000001,0.5,0.5,0.8333333333333333,0.5,90.0,-3.9012987894900797,0.09790784098310379,High,1
1.0,0.0,0.75,0.6000000000000001,0.4,0.5,0.75,0.5,0.6666666666666666,87.0,-4.1512915695454895,0.8529505645163189,High,1
0.0,0.0,0.0,0.0,0.0,0.0,0.5,0.3333333333333333,0.5,55.0,-3.351384653153049,-4.000592673304059,Low,0
0.0,0.0,0.5,0.4,0.4,0.5,1.0,0.6666666666666666,0.6666666666666666,95.0,-3.992550262527919,-0.3212364970106245,High,2
1.0,0.0,0.25,0.8,0.2,0.5,0.25,0.5,0.3333333333333333,70.0,-3.955028793338063,-0.036158355218358196,Medium,1
1.0,0.0,0.25,1.0,0.2,0.5,0.75,0.6666666666666666,0.16666666666666666,70.0,-4.240178893729372,0.7296828821561281,Medium,1
1.0,0.0,0.75,0.4,0.4,0.5,0.25,0.5,0.5,45.0,-3.8904583251424842,-0.009060715711004974,Low,1
0.0,0.0,0.0,0.0,0.0,0.0,0.25,0.6666666666666666,0.5,80.0,-3.179094929163023,-3.92399176007972,Medium,0
1.0,0.0,0.5,0.4,0.2,0.5,0.5,0.3333333333333333,0.3333333333333333,65.0,-3.8996038929451213,-1.015002740663328,Medium,1
0.0,0.0,0.25,1.0,0.2,0.5,0.25,0.3333333333333333,0.8333333333333333,95.0,-4.01992377982987,0.777747442281302,High,2
1.0,0.0,0.0,0.0,0.0,0.0,0.75,0.6666666666666666,0.5,45.0,-3.350716331085917,-3.7797162344992197,Low,0
1.0,0.0,1.0,0.2,0.6000000000000001,0.5,0.5,0.3333333333333333,0.3333333333333333,76.5,-4.079677364561784,0.08711046770886277,Medium,1
1.0,0.0,0.5,0.4,0.2,0.5,0.5,0.6666666666666666,0.3333333333333333,61.0,-3.8115604484617345,-0.903464881383822,Medium,1
0.0,0.0,0.0,0.0,0.0,0.0,0.75,0.5,0.3333333333333333,95.0,-3.425778499532993,-3.9858562838554334,High,0
0.0,0.0,0.25,0.8,0.2,0.5,0.25,0.3333333333333333,0.3333333333333333,80.0,-3.995921672670141,-0.16632891832827745,Medium,2
0.0,0.0,0.0,0.0,0.0,0.0,0.25,0.3333333333333333,0.6666666666666666,85.0,-3.232969084531411,-3.959560133112931,High,0
0.0,0.0,0.0,0.0,0.0,0.0,0.25,0.3333333333333333,0.6666666666666666,99.0,-3.232969084531411,-3.959560133112931,High,0
1.0,0.0,0.5,0.4,0.2,0.5,0.75,0.5,0.3333333333333333,77.0,-3.939828450210067,-0.9242968649684076,Medium,1
1.0,0.0,0.0,0.0,0.0,0.0,0.75,0.3333333333333333,0.3333333333333333,90.0,-3.472929064684302,-3.9672235800250206,High,0
0.0,0.0,0.5,0.8,0.2,0.5,0.5,0.6666666666666666,0.6666666666666666,100.0,-3.9931129763315725,0.6064082613799888,High,2
1.0,0.0,1.0,0.6000000000000001,0.6000000000000001,0.5,0.5,0.8333333333333333,0.6666666666666666,80.0,-4.1322935686161575,1.8386920328620997,Medium,1
0.0,0.0,0.0,0.0,0.0,0.0,0.75,0.5,0.3333333333333333,99.0,-3.425778499532993,-3.9858562838554334,High,0
1.0,0.0,0.5,0.6000000000000001,0.6000000000000001,0.5,0.5,0.3333333333333333,0.3333333333333333,70.0,-4.1940432198348825,0.5707994676882437,Medium,1
1.0,0.0,1.0,0.2,1.0,0.5,0.5,0.3333333333333333,0.3333333333333333,50.0,-4.24760671694682,0.9567447741897412,Low,1
0.0,0.0,0.5,0.2,0.6000000000000001,0.5,0.5,0.6666666666666666,0.5,80.0,-3.8156816943174325,-0.7484306239975078,Medium,2
0.0,0.0,0.0,0.0,0.0,0.0,0.75,0.3333333333333333,0.3333333333333333,55.0,-3.4698002217746864,-4.041625213495187,Low,0
0.0,0.0,0.25,0.8,0.2,0.5,0.5,0.8333333333333333,0.6666666666666666,75.0,-3.8797642072217036,0.18785378913873885,Medium,2
1.0,0.0,1.0,0.2,0.6000000000000001,0.5,0.5,0.6666666666666666,0.8333333333333333,69.0,-3.889126052733402,0.42655678572725364,Medium,1
0.0,0.0,0.5,0.8,0.4,0.5,0.75,0.8333333333333333,0.8333333333333333,95.0,-4.083132920674038,1.2079007765616439,High,2
0.0,0.0,0.25,0.4,0.2,0.5,0.25,0.5,0.5,55.0,-3.6647107123039993,-1.4669263061836166,Low,2
1.0,0.0,1.0,0.2,0.4,0.5,0.75,0.5,0.3333333333333333,60.0,-4.035937245634212,-0.2570008098366561,Low,1
1.0,0.0,0.5,0.8,0.6000000000000001,0.5,0.5,0.3333333333333333,0.3333333333333333,60.0,-4.320553194339608,1.286967369558937,Low,1
1.0,0.0,0.5,0.2,0.6000000000000001,0.5,0.25,0.3333333333333333,0.5,45.0,-3.822607702203795,-0.8205037958620154,Low,1
0.0,0.0,0.25,1.0,0.2,0.5,0.5,0.6666666666666666,0.6666666666666666,65.0,-4.050295903968122,0.8482527613696798,Medium,2
0.0,0.0,0.25,0.8,0.2,0.5,0.25,0.8333333333333333,0.3333333333333333,50.0,-3.863856505945061,0.0009778705909813112,Low,2
0.0,0.0,0.25,0.8,0.6000000000000001,0.5,0.25,0.3333333333333333,0.3333333333333333,75.0,-4.163851025055178,0.703305388152601,Medium,2
1.0,0.0,0.0,0.0,0.0,0.0,0.75,0.5,0.5,70.0,-3.39473805332761,-3.8354851641389724,Medium,0
1.0,0.0,0.25,1.0,0.2,0.5,0.75,0.5,0.6666666666666666,98.0,-4.1816927486260695,0.9018224112552611,High,1
0.0,0.0,0.0,0.0,0.0,0.0,0.25,0.3333333333333333,0.5,67.0,-3.26713837364641,-4.035529619359226,Medium,0
0.0,0.0,0.0,0.0,0.0,0.0,0.5,0.5,0.3333333333333333,55.0,-3.341532220026354,-4.020793229910601,Low,0
1.0,0.0,1.0,0.4,0.4,0.5,0.25,0.6666666666666666,0.5,60.0,-3.9157636497689667,0.5210316158097505,Low,1
1.0,0.0,0.75,0.6000000000000001,0.2,0.5,0.5,0.6666666666666666,0.6666666666666666,100.0,-3.9390588916046383,0.43896539486046393,High,1
1.0,0.0,1.0,0.6000000000000001,0.2,0.5,0.25,0.6666666666666666,0.6666666666666666,65.0,-3.9241396589661752,0.8783518506863013,Medium,1
0.0,0.0,0.0,0.0,0.0,0.0,0.75,1.0,1.0,95.0,-3.15703617634792,-3.5146715499509944,High,0
1.0,0.0,1.0,0.2,0.4,0.5,0.5,0.3333333333333333,0.3333333333333333,95.0,-3.9957126883692657,-0.347706685531576,High,1
0.0,0.0,0.5,0.8,0.2,0.5,0.5,0.6666666666666666,0.5,79.0,-4.027282265446571,0.5304387751336934,Medium,2
0.0,0.0,0.25,0.4,0.2,0.5,0.5,0.8333333333333333,0.5,50.0,-3.660913547327252,-1.3204515008489435,Low,2
1.0,0.0,0.5,0.4,0.2,0.5,0.25,0.5,0.3333333333333333,70.0,-3.7713358911967885,-0.9941707570787424,Medium,1
0.0,0.0,0.25,1.0,0.2,0.5,0.5,0.3333333333333333,0.5,50.0,-4.172508637566507,0.6607454158438788,Low,2
0.0,0.0,0.0,0.0,0.0,0.0,0.25,0.5,0.16666666666666666,36.5,-3.291455229634713,-4.131699662212063,Low,0
0.0,0.0,0.0,0.0,0.0,0.0,0.5,0.5,0.8333333333333333,50.0,-3.2390243526813585,-3.7928847711717157,Low,0
0.0,0.0,0.0,0.0,0.0,0.0,0.75,1.0,0.8333333333333333,90.0,-3.191205465462918,-3.5906410361972894,High,0
1.0,0.0,0.75,0.8,0.4,0.5,0.5,0.8333333333333333,0.6666666666666666,65.0,-4.1055118200601886,1.645719379611351,Medium,1
0.0,0.0,0.0,0.0,0.0,0.0,0.75,0.0,0.6666666666666666,90.0,-3.4895050880280762,-4.001224100282101,High,0
1.0,0.0,0.25,0.6000000000000001,0.4,0.5,0.25,0.3333333333333333,0.16666666666666666,70.0,-3.9906745063825477,-0.44924751973466037,Medium,1
1.0,0.0,1.0,1.0,0.6000000000000001,0.5,1.0,1.0,1.0,80.0,-4.441445776167196,3.5486096308461654,Medium,1
1.0,0.0,1.0,0.6000000000000001,0.4,0.5,0.75,1.0,1.0,65.0,-4.020214871458588,1.6465197278091708,Medium,1
0.0,0.0,0.75,1.0,0.2,0.5,1.0,0.8333333333333333,0.8333333333333333,90.0,-4.27925154536106,1.998511873128069,High,2
1.0,0.0,1.0,0.6000000000000001,0.6000000000000001,0.5,0.75,0.6666666666666666,0.8333333333333333,70.0,-4.226392281249492,1.8938295355238086,Medium,1
1.0,0.0,1.0,1.0,1.0,0.5,0.75,1.0,1.0,92.0,-4.525128849045593,4.383306991271876,High,1
0.0,0.0,1.0,1.0,0.4,0.5,0.5,0.6666666666666666,0.6666666666666666,85.0,-4.342241720765167,2.706040120253128,High,2
1.0,0.0,1.0,0.8,0.4,0.5,0.5,0.8333333333333333,0.8333333333333333,93.0,-4.140669577813366,2.1960122677386487,High,1
1.0,0.0,1.0,0.8,0.4,0.5,0.5,0.5,0.3333333333333333,77.0,-4.331220889641748,1.8565659497202578,Medium,1
1.0,0.0,1.0,0.8,0.4,0.5,0.25,0.3333333333333333,0.5,93.0,-4.256827043261803,1.8418295602716332,High,1
0.0,0.0,0.75,1.0,0.2,0.5,0.25,0.5,0.5,50.0,-4.182894729554525,1.6302242031904717,Low,2
1.0,0.0,1.0,0.2,0.4,0.5,0.5,0.6666666666666666,0.6666666666666666,55.0,-3.8393306656558823,-0.08422985375947967,Low,1
0.0,0.0,0.25,1.0,0.2,0.5,0.25,0.3333333333333333,0.16666666666666666,93.0,-4.156600936289864,0.47386949729612216,High,2
1.0,0.0,1.0,0.2,0.8,0.5,0.25,0.6666666666666666,0.6666666666666666,50.0,-3.92301373853428,0.7504675066662312,Low,1
1.0,0.0,1.0,1.0,1.0,0.5,0.5,0.8333333333333333,0.5,65.0,-4.587412159125643,4.064692656838071,Medium,1
1.0,0.0,1.0,0.2,0.6000000000000001,0.5,0.25,0.6666666666666666,0.6666666666666666,50.0,-3.8390490623417617,0.3156503534257924,Low,1
1.0,0.0,0.0,0.0,0.0,0.0,0.25,0.3333333333333333,0.16666666666666666,60.0,-3.338605794786022,-4.11306695838165,Low,0
0.0,0.0,0.25,0.8,0.6000000000000001,0.5,0.25,0.5,0.16666666666666666,70.0,-4.153998591928483,0.6831048315460597,Medium,2
0.0,0.0,0.25,0.8,0.4,0.5,0.5,0.5,0.5,95.0,-4.085941617012606,0.4351635968533767,High,2
1.0,0.0,0.0,0.0,0.0,0.0,0.5,1.0,0.6666666666666666,100.0,-3.144257317980893,-3.6271458350285863,High,0
0.0,0.0,0.5,1.0,0.2,0.5,0.5,0.5,0.3333333333333333,80.0,-4.231983251307987,1.1148682611183398,Medium,2
0.0,0.0,0.25,0.4,0.2,0.5,0.5,0.3333333333333333,0.3333333333333333,90.7,-3.8271480031673297,-1.5637277760144972,High,2
0.0,0.0,0.5,0.6000000000000001,0.4,0.5,0.5,0.6666666666666666,0.6666666666666666,78.0,-3.9505676780193655,0.32505751274973527,Medium,2
0.0,0.0,0.25,0.4,0.2,0.5,0.5,0.6666666666666666,0.6666666666666666,60.0,-3.6707659804539468,-1.3002509442424013,Low,2
1.0,0.0,0.25,1.0,0.4,0.5,0.75,0.8333333333333333,0.6666666666666666,95.0,-4.1776139803352015,1.4481774237752063,High,1
0.0,0.0,0.0,0.0,0.0,0.0,0.75,0.6666666666666666,0.3333333333333333,75.0,-3.3817567772913,-3.9300873542156807,Medium,0
1.0,0.0,0.75,0.2,0.6000000000000001,0.5,0.75,0.6666666666666666,0.6666666666666666,65.0,-3.938214574486864,-0.08879915634487645,Medium,1
1.0,0.0,0.25,0.2,0.4,0.5,0.5,0.3333333333333333,0.5,68.0,-3.7535622586497404,-1.6947074049282906,Medium,1
1.0,0.0,0.25,0.6000000000000001,0.6000000000000001,0.5,0.75,1.0,1.0,75.0,-3.8961984070465796,0.6583666754066009,Medium,1
0.0,0.0,0.0,0.0,0.0,0.0,0.25,0.6666666666666666,0.6666666666666666,70.0,-3.144925640048025,-3.848022273833425,Medium,0
1.0,0.0,0.25,0.8,0.4,0.5,1.0,0.6666666666666666,0.6666666666666666,85.0,-4.179372007578809,0.7111775383199266,High,1
1.0,0.0,0.25,0.6000000000000001,0.2,0.5,0.75,0.6666666666666666,0.5,70.0,-3.918820366489925,-0.5507139490926694,Medium,1
1.0,0.0,0.5,0.8,0.6000000000000001,0.5,0.5,0.8333333333333333,0.3333333333333333,64.0,-4.188488027614528,1.4542741584781957,Medium,1
1.0,0.0,0.5,0.2,0.4,0.5,0.5,0.3333333333333333,0.6666666666666666,42.35,-3.7887200164029173,-1.1444145168009925,Low,1
0.0,0.0,1.0,1.0,0.4,0.5,0.5,0.5,0.3333333333333333,55.0,-4.454602021236857,2.498332218120785,Low,2
0.0,0.0,0.0,0.0,0.0,0.0,0.5,0.8333333333333333,0.8333333333333333,72.5,-3.1509809081979725,-3.6813469118922098,Medium,0
1.0,0.0,0.25,0.6000000000000001,0.2,0.5,0.75,0.5,0.5,55.0,-3.962842088731618,-0.6064828787324226,Low,1
0.0,0.0,0.5,0.4,0.4,0.5,0.25,0.3333333333333333,0.5,65.0,-3.8620241576063865,-0.6135546807019279,Medium,2
0.0,0.1,0.0,0.0,0.0,0.0,0.5,0.16666666666666666,0.5,85.0,-2.415262816778284,-3.888869550088106,High,0
0.0,0.1,0.0,0.0,0.0,0.0,0.5,0.6666666666666666,0.6666666666666666,60.0,-2.249028360938206,-3.645593274922552,Low,0
1.0,0.1,0.25,0.2,0.6000000000000001,0.5,0.75,0.6666666666666666,0.6666666666666666,75.0,-2.819416922134055,-0.8699539072511779,Medium,1
1.0,0.1,1.0,1.0,0.4,0.5,0.5,0.5,0.5,40.0,-3.4434180164150163,2.816195390692952,Low,1
1.0,0.1,1.0,0.6000000000000001,0.4,0.5,0.25,0.3333333333333333,0.3333333333333333,50.0,-3.1843427992556186,1.2171842250103486,Low,1
1.0,0.1,1.0,0.2,0.8,0.5,0.25,0.6666666666666666,0.6666666666666666,45.0,-2.942870179917822,0.917959559521937,Low,1
1.0,0.1,0.25,1.0,0.2,0.5,0.25,0.5,0.6666666666666666,55.0,-3.0330566309963327,0.9994405720006325,Low,1
1.0,0.1,0.5,0.6000000000000001,0.6000000000000001,0.5,0.25,0.5,0.5,63.0,-3.051462370355094,0.8350929903748314,Medium,1
1.0,0.1,0.25,1.0,0.2,0.5,0.5,0.3333333333333333,0.5,50.0,-3.195493921859664,0.9026391021697506,Low,1
1.0,0.1,0.75,0.6000000000000001,0.4,0.5,0.25,0.3333333333333333,0.6666666666666666,40.0,-3.046677174157446,0.8947997956219371,Low,1
1.0,0.1,0.25,1.0,0.4,0.5,0.25,0.5,0.16666666666666666,40.0,-3.2195291745338466,1.206349266502186,Low,1
0.0,0.1,0.25,1.0,0.2,0.5,0.25,0.3333333333333333,0.5,86.0,-3.1081187994434094,0.7933005226444179,High,2
0.0,0.1,0.25,0.6000000000000001,0.2,0.5,0.25,0.5,0.6666666666666666,62.0,-2.7769078390772677,-0.5072968652109227,Medium,2
1.0,0.1,0.25,0.8,0.2,0.5,0.25,0.3333333333333333,0.5,75.0,-2.9847376678482993,0.15153425424388978,Medium,1
0.0,0.1,0.25,0.4,0.2,0.5,0.5,0.5,0.3333333333333333,89.0,-2.8029827223091788,-1.3404667935190382,High,2
1.0,0.1,0.0,0.0,0.0,0.0,0.5,0.8333333333333333,0.6666666666666666,75.0,-2.208135481606128,-3.5154227118126333,Medium,0
1.0,0.1,0.25,1.0,0.2,0.5,0.75,0.3333333333333333,0.3333333333333333,50.0,-3.3139094904813016,0.8616065619786228,Low,1
0.0,0.1,0.25,0.8,0.4,0.5,0.25,0.3333333333333333,0.3333333333333333,88.0,-3.099742790246201,0.435980287767868,High,2
0.0,0.1,0.25,0.4,0.4,0.5,0.5,0.3333333333333333,0.5,90.0,-2.8967998316283916,-0.8854490836720577,High,2
0.0,0.1,0.5,0.6000000000000001,0.6000000000000001,0.5,0.5,0.8333333333333333,0.3333333333333333,90.0,-3.07870565158373,0.8311966759930423,High,2
0.0,0.1,0.0,0.0,0.0,0.0,0.25,0.5,0.3333333333333333,70.0,-2.2771423819032566,-3.8882381231100624,Medium,0
1.0,0.1,0.75,1.0,0.6000000000000001,0.5,0.5,0.6666666666666666,0.5,48.0,-3.4140339234976653,2.832458071692141,Low,1
0.0,0.1,0.25,0.4,0.2,0.5,0.25,0.6666666666666666,0.6666666666666666,57.75,-2.6063761423308494,-1.1676958374418631,Low,2
1.0,0.1,0.25,1.0,0.2,0.5,0.25,0.3333333333333333,0.3333333333333333,70.0,-3.145416931468023,0.7917326698682885,Medium,1
0.0,0.1,0.5,0.6000000000000001,0.4,0.5,0.25,0.5,0.5,70.0,-2.96436885125296,0.3258742036642257,Medium,2
0.0,0.1,0.0,0.0,0.0,0.0,0.25,0.8333333333333333,0.5,94.0,-2.154929648304872,-3.700730777584262,High,0
0.0,0.1,0.75,0.6000000000000001,0.6000000000000001,0.5,0.5,0.3333333333333333,0.3333333333333333,90.0,-3.2800978651769856,1.1382132889547867,High,2
1.0,0.1,0.25,0.8,0.2,0.5,0.75,0.3333333333333333,0.5,60.0,-3.153230226861578,0.22140814635422412,Low,1
0.0,0.1,0.25,0.8,0.2,0.5,0.25,0.3333333333333333,0.16666666666666666,70.0,-3.049947403168681,-0.07480635171886618,Medium,2
0.0,0.1,0.5,0.6000000000000001,0.2,0.5,0.25,0.6666666666666666,0.3333333333333333,55.0,-2.870551741933747,-0.12914350618275705,Low,2
0.0,0.1,0.25,0.6000000000000001,0.4,0.5,0.25,0.16666666666666666,0.5,66.0,-2.9830852488681705,-0.25998705749628304,Medium,2
0.0,0.1,0.5,0.6000000000000001,0.4,0.5,0.5,0.6666666666666666,0.6666666666666666,75.0,-2.9704241194029075,0.49254956560544016,Medium,2
0.0,0.1,1.0,0.8,0.4,0.5,0.75,0.5,0.3333333333333333,71.0,-3.4321947676223132,1.9845933151609652,Medium,2
1.0,0.1,0.0,0.0,0.0,0.0,0.5,0.5,0.5,75.0,-2.3303482152045127,-3.7029300573384343,Medium,0
0.0,0.1,0.25,1.0,0.2,0.5,0.5,0.6666666666666666,0.6666666666666666,65.0,-3.070152345351664,1.0157448142253855,Medium,2
0.0,0.1,0.25,1.0,0.4,0.5,0.25,1.0,0.8333333333333333,87.0,-2.947658008439158,1.6031323669364594,High,2
1.0,0.1,0.25,0.4,0.2,0.5,0.75,0.3333333333333333,0.5,68.0,-2.900210277852128,-1.2109276573871632,Medium,1
1.0,0.1,0.25,0.4,0.2,0.5,0.75,0.5,0.3333333333333333,75.0,-2.8903578447254334,-1.231128213993705,Medium,1
0.0,0.1,0.75,0.6000000000000001,0.2,0.5,0.5,0.3333333333333333,0.5,86.0,-3.07799922367695,0.3445484687202027,High,2
0.0,0.1,0.75,0.2,0.4,0.5,0.75,0.6666666666666666,0.8333333333333333,55.0,-2.8368082076532746,-0.354556403953481,Low,2
1.0,0.1,1.0,1.0,1.0,0.5,0.75,0.6666666666666666,0.3333333333333333,70.0,-3.7697058913725154,4.135383239862897,Medium,1
0.0,0.1,0.75,0.6000000000000001,0.6000000000000001,0.5,0.5,0.5,0.5,80.0,-3.2019068538202937,1.2699517048408353,Medium,2
1.0,0.1,0.5,0.2,0.4,0.5,0.25,0.5,0.5,91.0,-2.7144777451531255,-1.032059966606997,High,1
0.0,0.1,1.0,1.0,0.2,0.5,0.5,0.6666666666666666,0.6666666666666666,87.0,-3.278133485956191,2.438715019868395,High,2
1.0,0.1,1.0,1.0,1.0,0.5,1.0,0.8333333333333333,0.8333333333333333,86.0,-3.707422581292466,4.4539975742967,High,1
1.0,0.1,1.0,0.6000000000000001,1.0,0.5,0.25,0.5,0.5,45.0,-3.3580458164764817,2.6533741006177163,Low,1
0.0,0.1,0.25,0.6000000000000001,0.2,0.5,0.25,0.6666666666666666,0.8333333333333333,70.0,-2.6987168277205758,-0.3755584493248749,Medium,2
0.0,0.1,0.25,0.2,0.2,0.5,0.25,0.3333333333333333,0.3333333333333333,60.0,-2.636248190539508,-2.1473405710846536,Low,2
0.0,0.1,1.0,0.6000000000000001,0.6000000000000001,0.5,0.5,0.5,0.5,88.0,-3.271233900688469,1.7442751067218385,High,2
1.0,0.1,0.75,0.2,0.4,0.5,0.5,0.6666666666666666,0.3333333333333333,70.0,-2.8581986384012454,-0.5430001752773688,Medium,1
1.0,0.1,0.75,1.0,0.6000000000000001,0.5,0.75,0.8333333333333333,0.8333333333333333,57.0,-3.3859199025326143,3.075102919879652,Low,1
0.0,0.1,0.25,1.0,0.2,0.5,0.25,0.3333333333333333,0.3333333333333333,70.0,-3.142288088558408,0.7173310363981225,Medium,2
0.0,0.1,0.75,0.2,0.4,0.5,0.25,0.6666666666666666,0.3333333333333333,80.0,-2.770823515984991,-0.6523387548027011,Medium,2
0.0,0.1,0.25,0.8,0.2,0.5,0.25,0.6666666666666666,0.5,70.0,-2.893565380455298,0.18867048005322928,Medium,2
0.0,0.1,0.5,0.6000000000000001,0.8,0.5,0.5,0.5,0.5,71.0,-3.216544483144636,1.2304454562002718,Medium,2
1.0,0.1,1.0,0.4,1.0,0.5,0.75,0.8333333333333333,0.6666666666666666,80.0,-3.2778156673866503,2.1945874363831583,Medium,1
0.0,0.1,0.75,0.2,0.6000000000000001,0.5,0.25,0.6666666666666666,0.3333333333333333,80.0,-2.8547881921775096,-0.21752160156226186,Medium,2
0.0,0.1,0.5,1.0,0.2,0.5,0.5,0.6666666666666666,0.3333333333333333,88.0,-3.2078179704498364,1.338129243613798,High,2
0.0,0.1,0.5,0.8,0.4,0.5,0.5,0.6666666666666666,0.8333333333333333,75.0,-3.0627648047926344,1.2846869537224288,Medium,2
1.0,0.1,0.5,0.2,0.6000000000000001,0.5,0.5,0.5,0.3333333333333333,70.0,-2.9168579899672813,-0.6382753535576846,Medium,1
1.0,0.1,0.75,0.2,0.2,0.5,0.25,0.6666666666666666,0.8333333333333333,76.0,-2.587479815357093,-0.7848458158340894,Medium,1
0.0,0.1,1.0,1.0,0.2,0.5,0.25,0.6666666666666666,0.3333333333333333,67.0,-3.262225784679549,2.2518391013206376,Medium,2
0.0,0.1,0.25,1.0,0.2,0.5,0.75,0.5,0.3333333333333333,75.0,-3.2667589253299933,0.84297385814821,Medium,2
0.0,0.1,1.0,0.2,0.6000000000000001,0.5,0.5,0.6666666666666666,0.5,73.0,-2.9741922294373264,0.36770823262020347,Medium,2
0.0,0.1,0.75,0.2,0.6000000000000001,0.5,0.5,0.3333333333333333,0.5,55.0,-2.992908627052537,-0.21815302854030527,Low,2
1.0,0.1,0.5,0.4,0.4,0.5,0.5,0.5,0.5,87.0,-2.9252339991644893,-0.28095511868113565,High,1
1.0,0.1,0.0,0.0,0.0,0.0,1.0,0.6666666666666666,0.3333333333333333,98.0,-2.4889883410910967,-3.6532567218346417,High,0
1.0,0.1,0.75,0.8,0.2,0.5,0.5,0.5,0.5,98.0,-3.163616318849597,1.190886933700816,High,1
0.0,0.1,0.5,0.4,0.4,0.5,1.0,0.8333333333333333,0.8333333333333333,97.66,-2.9342156925547696,-0.022006028268870992,High,2
0.0,0.1,0.25,0.8,0.2,0.5,0.5,0.6666666666666666,0.6666666666666666,82.5,-2.9436423708469386,0.2995769123546914,High,2
0.0,0.1,0.5,1.0,0.2,0.5,0.75,1.0,0.8333333333333333,98.5,-3.1015129381280935,1.7125125076873573,High,2
1.0,0.1,1.0,0.2,1.0,0.5,0.75,0.3333333333333333,0.3333333333333333,40.0,-3.351709437837002,1.1591737731006146,Low,1
0.0,0.1,0.0,0.0,0.0,0.0,0.25,0.3333333333333333,0.3333333333333333,78.5,-2.32116410414495,-3.9440070527498152,Medium,0
0.0,0.1,0.25,0.8,0.2,0.5,0.75,0.8333333333333333,0.8333333333333333,94.5,-2.949697638996886,0.46625227429590677,High,2
0.0,0.1,0.25,1.0,0.2,0.5,0.5,0.6666666666666666,0.6666666666666666,91.0,-3.070152345351664,1.0157448142253855,High,2
0.0,0.1,0.25,1.0,0.4,0.5,0.25,0.5,0.8333333333333333,90.0,-3.0797231751642378,1.4358255780172007,High,2
0.0,0.1,0.25,0.4,0.4,0.5,0.5,0.3333333333333333,0.3333333333333333,95.24,-2.9309691207433906,-0.9614185699183526,High,2
1.0,0.1,0.25,1.0,0.6000000000000001,0.5,0.5,0.8333333333333333,0.8333333333333333,70.0,-3.163019529289624,2.091519170062478,Medium,1
0.0,0.1,0.5,0.6000000000000001,0.4,0.5,0.25,0.3333333333333333,0.5,65.5,-3.0083905734946534,0.2701052740244725,Medium,2
0.0,0.1,1.0,0.8,0.4,0.5,0.75,0.6666666666666666,0.8333333333333333,80.0,-3.285665178035625,2.268270703539603,Medium,2
0.0,0.1,0.0,0.0,0.0,0.0,0.25,1.0,1.0,85.5,-2.008400058718183,-3.4170533892056234,High,0
0.0,0.1,0.25,1.0,0.2,0.5,0.75,0.8333333333333333,0.6666666666666666,75.0,-3.1103769026166095,1.1064506899203064,Medium,2
0.0,0.1,0.25,0.2,0.6000000000000001,0.5,0.5,0.3333333333333333,0.6666666666666666,74.0,-2.820085244201187,-1.0908303460560171,Medium,2
0.0,0.1,0.25,1.0,0.2,0.5,0.5,0.3333333333333333,0.3333333333333333,85.0,-3.226534368065047,0.7522679824532892,High,2
0.0,0.1,0.5,0.8,0.4,0.5,0.75,0.8333333333333333,0.6666666666666666,90.0,-3.1371586511725784,1.2994233431710551,High,2
1.0,0.1,0.5,0.6000000000000001,0.4,0.5,1.0,0.8333333333333333,0.6666666666666666,93.5,-3.098023799084108,0.6925940208256947,High,1
0.0,0.1,0.25,0.4,0.2,0.5,0.25,0.6666666666666666,0.3333333333333333,65.5,-2.6747147205608464,-1.319634809934453,Medium,2
1.0,0.1,0.75,0.2,1.0,0.5,0.5,0.3333333333333333,0.3333333333333333,50.0,-3.198136111462187,0.6499134251644438,Low,1
0.0,0.1,0.0,0.0,0.0,0.0,0.5,0.6666666666666666,0.3333333333333333,90.8,-2.3173669391682026,-3.7975322474151425,High,0
0.0,0.1,0.5,0.6000000000000001,0.4,0.5,0.75,0.6666666666666666,0.6666666666666666,86.7,-3.054670398909547,0.5274865116606078,High,2
0.0,0.1,0.5,0.6000000000000001,0.4,0.5,0.25,0.6666666666666666,0.3333333333333333,70.0,-2.9545164181262655,0.30567364705768263,Medium,2
0.0,0.1,0.25,1.0,0.4,0.5,0.5,0.3333333333333333,0.5,75.0,-3.2763297551425667,1.2630546219400243,Medium,2
0.0,0.1,0.5,0.4,0.4,0.5,0.5,0.5,0.5,60.0,-2.922105156254874,-0.3553567521513008,Low,2
1.0,0.1,0.25,0.2,0.4,0.5,0.75,0.5,0.5,63.0,-2.813643257298228,-1.4365094763776654,Medium,1
0.0,0.20000000000000004,0.0,0.0,0.0,0.0,0.5,0.3333333333333333,0.3333333333333333,80.0,-1.4252668250351306,-3.7415780538389427,Medium,0
0.0,0.20000000000000004,0.25,1.0,0.4,0.5,0.75,0.6666666666666666,0.6666666666666666,74.0,-2.258219742434363,1.6529909663766977,Medium,2
0.0,0.20000000000000004,0.0,0.0,0.0,0.0,0.75,1.0,0.6666666666666666,85.0,-1.2650876373450002,-3.3316264167321736,High,0
0.0,0.20000000000000004,0.0,0.0,0.0,0.0,0.5,0.6666666666666666,0.5,87.0,-1.303054091436746,-3.5540707083131418,High,0
1.0,0.20000000000000004,0.0,0.0,0.0,0.0,1.0,0.5,0.5,65.0,-1.5186972156013332,-3.4655641123723937,Medium,0
0.0,0.20000000000000004,0.0,0.0,0.0,0.0,0.5,0.6666666666666666,0.3333333333333333,68.0,-1.3372233805517442,-3.6300401945594367,Medium,0
0.0,0.20000000000000004,0.0,0.0,0.0,0.0,0.5,0.8333333333333333,0.8333333333333333,70.0,-1.1906937909650557,-3.3463628061807986,Medium,0
0.0,0.20000000000000004,0.0,0.0,0.0,0.0,0.75,0.6666666666666666,0.5,75.0,-1.387300370943385,-3.519133762257974,Medium,0
1.0,0.20000000000000004,1.0,0.2,0.4,0.5,0.25,0.3333333333333333,0.3333333333333333,55.0,-1.95117929162971,-0.04765952587533295,Low,1
1.0,0.20000000000000004,0.25,0.4,0.2,0.5,0.25,0.6666666666666666,0.5,55.0,-1.6635307157390051,-1.0017716373622871,Low,1
0.0,0.20000000000000004,0.5,0.8,0.6000000000000001,0.5,0.5,0.5,0.5,50.0,-2.2789462228403843,1.6792882576862311,Low,2
1.0,0.20000000000000004,0.0,0.0,0.0,0.0,0.5,0.6666666666666666,0.6666666666666666,80.0,-1.2720136452313633,-3.4036995885966808,Medium,0
0.0,0.20000000000000004,0.0,0.0,0.0,0.0,0.75,0.6666666666666666,0.6666666666666666,90.0,-1.3531310818283866,-3.4431642760116796,High,0
1.0,0.20000000000000004,1.0,0.6000000000000001,0.4,0.5,0.75,0.6666666666666666,0.5,50.0,-2.250479066054054,1.6420575155021906,Low,1
1.0,0.20000000000000004,0.0,0.0,0.0,0.0,0.5,0.6666666666666666,0.3333333333333333,90.0,-1.3403522234613598,-3.555638561089271,High,0
0.0,0.20000000000000004,0.0,0.0,0.0,0.0,0.75,1.0,0.6666666666666666,86.0,-1.2650876373450002,-3.3316264167321736,High,0
0.0,0.20000000000000004,0.0,0.0,0.0,0.0,0.5,0.5,0.3333333333333333,65.0,-1.3812451027934372,-3.6858091241991895,Medium,0
1.0,0.20000000000000004,0.25,0.4,0.4,0.5,0.75,0.5,0.5,45.0,-1.9600096731864949,-0.5528495216512654,Low,1
1.0,0.20000000000000004,0.25,0.6000000000000001,0.2,0.5,0.5,0.6666666666666666,0.6666666666666666,50.0,-1.8401176806353714,-0.17469730319013,Low,1
0.0,0.20000000000000004,0.0,0.0,0.0,0.0,0.5,0.6666666666666666,0.5,85.0,-1.303054091436746,-3.5540707083131418,High,0
1.0,0.20000000000000004,0.0,0.0,0.0,0.0,0.5,0.5,0.5,65.0,-1.3502046565880548,-3.535438004482729,Medium,0
0.0,0.20000000000000004,0.0,0.0,0.0,0.0,0.5,0.5,0.5,85.0,-1.347075813678439,-3.6098396379528945,High,0
0.0,0.20000000000000004,0.5,0.6000000000000001,0.6000000000000001,0.5,0.75,0.3333333333333333,0.3333333333333333,70.0,-2.3148735391989903,0.8663188859846569,Medium,2
0.0,0.20000000000000004,0.5,0.6000000000000001,0.4,0.5,0.5,0.5,0.5,67.0,-2.068471572143141,0.5283032025750982,Medium,2
0.0,0.20000000000000004,0.0,0.0,0.0,0.0,0.75,0.5,0.3333333333333333,88.0,-1.4654913823000761,-3.6508721781440223,High,0
1.0,0.20000000000000004,0.0,0.0,0.0,0.0,0.25,0.6666666666666666,0.3333333333333333,70.0,-1.2561059439547204,-3.5905755071444383,Medium,0
1.0,0.20000000000000004,0.0,0.0,0.0,0.0,0.25,0.6666666666666666,0.6666666666666666,65.0,-1.1877673657247239,-3.438636534651848,Medium,0
0.0,0.20000000000000004,0.75,0.8,0.6000000000000001,0.5,0.25,0.5,0.5,60.0,-2.264026990201921,2.1186747135120676,Low,2
1.0,0.20000000000000004,0.5,0.6000000000000001,0.2,0.5,0.5,0.5,0.5,85.0,-1.9876357388602384,0.16788768280482458,High,1
1.0,0.20000000000000004,0.75,0.2,0.6000000000000001,0.5,0.25,0.8333333333333333,0.6666666666666666,75.0,-1.7654131759989764,0.2320799868959531,Medium,1
1.0,0.20000000000000004,0.25,1.0,0.4,0.5,0.25,0.3333333333333333,0.3333333333333333,60.0,-2.249238049044083,1.3940418759644322,Low,1
1.0,0.20000000000000004,0.0,0.0,0.0,0.0,0.5,0.16666666666666666,0.5,65.0,-1.4382481010714412,-3.6469758637622345,Medium,0
0.0,0.20000000000000004,0.5,0.8,0.4,0.5,0.25,0.3333333333333333,0.3333333333333333,70.0,-2.188926278497918,1.077795742504576,Medium,2
0.0,0.20000000000000004,0.0,0.0,0.0,0.0,0.25,0.3333333333333333,0.5,65.0,-1.306851256413493,-3.700545513647815,Medium,0
0.0,0.20000000000000004,0.0,0.0,0.0,0.0,0.5,0.8333333333333333,0.5,60.0,-1.2590323691950527,-3.4983017786733885,Low,0
0.0,0.20000000000000004,0.75,0.4,0.2,0.5,0.25,0.8333333333333333,0.6666666666666666,50.0,-1.720864955209049,0.004211948815601829,Low,2
0.0,0.20000000000000004,0.0,0.0,0.0,0.0,0.75,0.5,0.3333333333333333,50.0,-1.4654913823000761,-3.6508721781440223,Low,0
0.0,0.20000000000000004,0.0,0.0,0.0,0.0,0.5,0.6666666666666666,0.5,86.0,-1.303054091436746,-3.5540707083131418,High,0
1.0,0.20000000000000004,1.0,0.2,0.8,0.5,0.5,0.3333333333333333,0.3333333333333333,55.0,-2.203354923521386,0.8569117266607131,Low,1
0.0,0.20000000000000004,0.0,0.0,0.0,0.0,0.5,0.3333333333333333,0.5,59.0,-1.3910975359201325,-3.6656085675926473,Low,0
0.0,0.20000000000000004,0.0,0.0,0.0,0.0,0.25,0.3333333333333333,0.3333333333333333,55.0,-1.3410205455284911,-3.77651499989411,Low,0
0.0,0.20000000000000004,0.25,1.0,0.4,0.5,0.5,0.6666666666666666,0.6666666666666666,88.0,-2.173973462927724,1.6180540203215301,High,2
0.0,0.20000000000000004,0.75,0.6000000000000001,0.4,0.5,0.25,0.6666666666666666,0.5,55.0,-2.0095306172629845,1.0234585880406861,Low,2
0.0,0.20000000000000004,0.25,0.4,0.2,0.5,0.25,0.3333333333333333,0.6666666666666666,60.0,-1.7142760281977778,-1.1117416438656642,Low,2
0.0,0.20000000000000004,0.25,0.6000000000000001,0.6000000000000001,0.5,0.5,0.6666666666666666,0.6666666666666666,100.0,-2.0049181901107924,0.6205353698205816,High,2
0.0,0.20000000000000004,0.25,0.4,0.2,0.5,0.25,0.5,0.16666666666666666,65.0,-1.7727621733010794,-1.2838811729647963,Medium,2
0.0,0.20000000000000004,0.75,0.6000000000000001,0.4,0.5,0.5,0.8333333333333333,0.6666666666666666,70.0,-2.015585885412932,1.1901339499819015,Medium,2
1.0,0.20000000000000004,0.25,1.0,0.4,0.5,0.5,0.5,0.16666666666666666,65.0,-2.323631895424028,1.4087782654130576,Medium,1
1.0,0.20000000000000004,0.25,0.8,0.6000000000000001,0.5,0.75,0.8333333333333333,0.5,65.0,-2.2089508539050775,1.4258412946100671,Medium,1
1.0,0.20000000000000004,0.75,0.6000000000000001,0.2,0.5,0.5,0.6666666666666666,0.8333333333333333,50.0,-1.9446024852567243,0.84991898681817,Low,1
0.0,0.20000000000000004,0.25,1.0,0.2,0.5,0.25,0.16666666666666666,0.3333333333333333,70.0,-2.206166252183642,0.829054159614075,Medium,2
0.0,0.20000000000000004,0.5,1.0,0.2,0.5,0.5,0.6666666666666666,0.6666666666666666,90.0,-2.159335833603381,1.6575602689620945,High,2
1.0,0.20000000000000004,0.5,0.4,0.2,0.5,0.5,0.8333333333333333,0.6666666666666666,90.0,-1.738913030757128,-0.3607728735400686,High,1
1.0,0.20000000000000004,0.25,0.8,0.4,0.5,0.25,0.5,0.6666666666666666,70.0,-2.010367774067668,0.8855818762260839,Medium,1
0.0,0.20000000000000004,0.25,0.4,0.2,0.5,0.5,0.5,0.3333333333333333,65.0,-1.8228391636927204,-1.1729747406633333,Medium,2
1.0,0.20000000000000004,1.0,0.2,0.6000000000000001,0.5,0.5,0.8333333333333333,0.5,75.0,-1.9531557914887898,0.6653708485858276,Medium,1
0.0,0.20000000000000004,0.5,0.6000000000000001,0.2,0.5,0.5,0.6666666666666666,0.6666666666666666,80.0,-1.9063158845939312,0.22522446522070627,Medium,2
1.0,0.20000000000000004,0.25,0.6000000000000001,0.2,0.5,0.25,0.6666666666666666,0.16666666666666666,65.0,-1.858379268473727,-0.43754270798418293,Medium,1
1.0,0.20000000000000004,0.0,0.0,0.0,0.0,0.25,0.3333333333333333,0.3333333333333333,92.6,-1.3441493884381068,-3.702113366423944,High,0
1.0,0.20000000000000004,0.0,0.0,0.0,0.0,0.5,0.5,0.16666666666666666,50.0,-1.4185432348180513,-3.687376976975319,Low,0
0.0,0.20000000000000004,0.25,0.6000000000000001,0.2,0.5,0.25,0.5,0.5,53.0,-1.8309335695758078,-0.4157742986015114,Low,2
0.0,0.20000000000000004,0.25,1.0,0.2,0.5,0.5,0.6666666666666666,0.3333333333333333,90.0,-2.158347364965202,1.0312978945884996,High,2
0.0,0.20000000000000004,0.25,1.0,0.4,0.5,0.5,0.5,0.5,80.0,-2.2521644742844154,1.4863156044354824,Medium,2
1.0,0.20000000000000004,0.75,0.8,0.6000000000000001,0.5,0.25,0.5,0.5,50.0,-2.267155833111537,2.1930763469822336,Low,1
1.0,0.20000000000000004,0.25,1.0,0.2,0.5,0.5,0.3333333333333333,0.5,75.0,-2.215350363243206,1.0701311550254555,Medium,1
1.0,0.20000000000000004,1.0,0.6000000000000001,0.6000000000000001,0.5,0.5,0.3333333333333333,0.3333333333333333,75.0,-2.3724101963383184,1.8544303771616608,Medium,1
1.0,0.30000000000000004,0.75,1.0,0.4,0.5,0.75,0.8333333333333333,1.0,90.0,-1.307498819992181,3.051239358596919,High,1
0.0,0.30000000000000004,0.0,0.0,0.0,0.0,0.5,0.5,0.6666666666666666,70.0,-0.3327629659469826,-3.366378098850894,Medium,0
0.0,0.30000000000000004,0.0,0.0,0.0,0.0,0.5,0.6666666666666666,0.5,85.0,-0.3229105328202877,-3.386578655457436,High,0
0.0,0.30000000000000004,0.0,0.0,0.0,0.0,0.5,0.3333333333333333,0.3333333333333333,77.5,-0.4451232664186726,-3.574086000983237,Medium,0
1.0,0.30000000000000004,1.0,0.6000000000000001,0.6000000000000001,0.5,1.0,0.6666666666666666,0.6666666666666666,80.0,-1.404377174021755,2.355273153899798,Medium,1
1.0,0.30000000000000004,0.0,0.0,0.0,0.0,0.25,0.5,0.5,60.0,-0.2858148184649565,-3.4028828976821908,Low,0
0.0,0.30000000000000004,0.25,0.4,0.4,0.5,0.25,0.3333333333333333,0.3333333333333333,72.0,-0.8864357240038347,-0.6613714102621095,Medium,2
0.0,0.30000000000000004,0.0,0.0,0.0,0.0,0.5,0.8333333333333333,0.5,80.0,-0.2788888105785947,-3.3308097258176836,Medium,0
0.0,0.30000000000000004,0.0,0.0,0.0,0.0,0.75,0.6666666666666666,0.8333333333333333,80.0,-0.3388182340969301,-3.1997027369096784,Medium,0
0.0,0.30000000000000004,0.0,0.0,0.0,0.0,0.5,0.6666666666666666,0.6666666666666666,89.0,-0.28874124370528964,-3.310609169211141,High,0
0.0,0.30000000000000004,0.0,0.0,0.0,0.0,0.75,0.5,0.3333333333333333,80.0,-0.4853478236836182,-3.483380125288317,Medium,0
1.0,0.30000000000000004,0.0,0.0,0.0,0.0,0.25,0.5,0.5,70.0,-0.2858148184649565,-3.4028828976821908,Medium,0
1.0,0.30000000000000004,0.25,0.8,0.2,0.5,1.0,0.5,0.6666666666666666,75.0,-1.1989983777786093,0.723067614006851,Medium,1
0.0,0.30000000000000004,0.0,0.0,0.0,0.0,0.75,0.8333333333333333,0.6666666666666666,87.0,-0.3289658009702352,-3.2199032935162206,High,0
0.0,0.30000000000000004,0.0,0.0,0.0,0.0,0.25,0.5,0.3333333333333333,70.0,-0.3168552646703402,-3.5532540173986513,Medium,0
0.0,0.30000000000000004,0.0,0.0,0.0,0.0,0.25,0.6666666666666666,0.8333333333333333,85.0,-0.17032567508365126,-3.2695766290200132,High,0
1.0,0.30000000000000004,0.75,0.4,0.4,0.5,0.5,0.6666666666666666,0.6666666666666666,85.0,-0.9560829174430574,0.660090804797326,High,1
1.0,0.30000000000000004,0.5,0.8,0.4,0.5,0.5,1.0,0.8333333333333333,75.0,-1.0175630859859468,1.805610552183512,Medium,1
1.0,0.30000000000000004,1.0,0.2,0.8,0.5,0.75,0.6666666666666666,0.6666666666666666,98.0,-1.1510756216981837,1.322817557343682,High,1
1.0,0.30000000000000004,1.0,0.4,0.2,0.5,0.75,0.6666666666666666,0.5,99.0,-1.059860856740352,0.6585645132467626,High,1
1.0,0.30000000000000004,1.0,0.2,0.2,0.5,0.5,0.8333333333333333,0.8333333333333333,87.0,-0.7367443022572977,0.11516756745324397,High,1
1.0,0.30000000000000004,0.5,0.2,0.4,0.5,0.5,0.3333333333333333,0.6666666666666666,82.0,-0.848289340553543,-0.641938358233876,High,1
0.0,0.30000000000000004,1.0,0.6000000000000001,0.6000000000000001,0.5,0.5,0.6666666666666666,0.6666666666666666,70.0,-1.2327557720988613,2.210997628319297,Medium,2
1.0,0.30000000000000004,0.25,0.2,0.6000000000000001,0.5,0.25,0.6666666666666666,0.6666666666666666,50.0,-0.69063724588786,-0.6048436936501012,Low,1
1.0,0.30000000000000004,0.75,1.0,1.0,0.5,0.5,0.5,0.3333333333333333,60.0,-1.6998671700064771,3.9053380679983842,Low,1
1.0,0.30000000000000004,0.75,0.2,1.0,0.5,1.0,0.5,0.5,70.0,-1.3281505418858575,1.1865098388722384,Medium,1
1.0,0.30000000000000004,0.25,0.4,0.4,0.5,0.25,0.3333333333333333,0.3333333333333333,42.5,-0.88956456691345,-0.5869697767919435,Low,1
1.0,0.30000000000000004,0.25,0.4,0.2,0.5,0.5,0.8333333333333333,0.8333333333333333,76.0,-0.6552731361574962,-0.5916347363190706,Medium,1
1.0,0.30000000000000004,0.25,0.4,0.6000000000000001,0.5,0.75,0.8333333333333333,0.5,92.5,-0.9757873462791689,0.16099754372438468,High,1
1.0,0.30000000000000004,0.25,0.8,0.2,0.5,0.5,0.6666666666666666,0.6666666666666666,40.0,-0.9864840965236379,0.7089626515362681,Low,1
1.0,0.30000000000000004,1.0,0.2,0.4,0.5,0.75,0.5,0.6666666666666666,60.0,-1.02716799155484,0.3974143212230512,Low,1
1.0,0.30000000000000004,1.0,0.6000000000000001,0.6000000000000001,0.5,0.25,0.5,0.5,70.0,-1.2298293468585286,2.1187238998482485,Medium,1
0.0,0.30000000000000004,0.5,0.4,0.4,0.5,0.25,0.5,0.5,60.0,-0.8775717595153187,-0.055309592495057736,Low,2
1.0,0.30000000000000004,1.0,0.2,0.8,0.5,0.5,0.5,0.6666666666666666,90.0,-1.1108510644332377,1.232111681648762,High,1
0.0,0.30000000000000004,0.0,0.0,0.0,0.0,0.25,0.6666666666666666,0.3333333333333333,50.0,-0.2728335424286463,-3.4974850877588985,Low,0
1.0,0.30000000000000004,0.25,0.2,0.4,0.5,0.5,0.6666666666666666,0.6666666666666666,50.0,-0.6909188492019811,-1.0047239008353732,Low,1
1.0,0.30000000000000004,0.75,1.0,0.4,0.5,0.75,1.0,0.6666666666666666,80.5,-1.3318156759804851,2.9550693157440824,High,1
0.0,0.30000000000000004,0.25,1.0,0.4,0.5,0.25,0.3333333333333333,0.3333333333333333,75.0,-1.2659656475180094,1.487132295349972,Medium,2
1.0,0.30000000000000004,0.5,1.0,0.6000000000000001,0.5,0.75,1.0,0.8333333333333333,99.0,-1.312284016189829,2.9915325533498125,High,1
1.0,0.30000000000000004,1.0,0.2,1.0,0.5,1.0,0.8333333333333333,0.6666666666666666,83.5,-1.275264855155648,1.8483405862790425,High,1
0.0,0.30000000000000004,0.25,1.0,0.2,0.5,0.75,0.6666666666666666,0.8333333333333333,75.0,-1.159942218510388,1.4616353522382584,Medium,2
0.0,0.30000000000000004,0.5,0.4,0.2,0.5,0.75,0.6666666666666666,0.6666666666666666,70.0,-0.8839086309793873,-0.28851443773911445,Medium,2
1.0,0.30000000000000004,0.25,1.0,0.2,0.5,0.25,0.5,0.16666666666666666,50.6,-1.1752773811084114,1.1065162189731579,Low,1
1.0,0.30000000000000004,1.0,0.2,1.0,0.5,0.5,0.8333333333333333,0.5,70.0,-1.140941585257368,1.7024972079224119,Medium,1
0.0,0.30000000000000004,0.25,0.6000000000000001,0.4,0.5,0.25,0.5,0.6666666666666666,53.0,-0.9005853980368697,0.2625043937409295,Low,2
0.0,0.30000000000000004,0.25,1.0,0.2,0.5,0.75,0.8333333333333333,0.6666666666666666,97.5,-1.150089785383693,1.441434795631717,High,2
0.0,0.30000000000000004,1.0,1.0,0.2,0.5,0.5,0.3333333333333333,0.5,67.0,-1.4400591023216593,2.586191780054005,Medium,2
1.0,0.30000000000000004,1.0,1.0,1.0,0.5,0.5,0.6666666666666666,0.6666666666666666,88.0,-1.656833916402963,4.587369372011729,High,1
0.0,0.30000000000000004,0.25,1.0,0.2,0.5,0.5,0.6666666666666666,0.5,90.0,-1.144034517233746,1.2747594336905008,High,2
0.0,0.30000000000000004,0.0,0.0,0.0,0.0,0.5,0.6666666666666666,0.8333333333333333,90.0,-0.2545719545902907,-3.234639682964846,High,0
0.0,0.30000000000000004,0.25,0.6000000000000001,0.4,0.5,0.25,0.8333333333333333,0.3333333333333333,50.0,-0.8808805317834798,0.22210328052784423,Low,2
1.0,0.30000000000000004,0.25,1.0,0.6000000000000001,0.5,0.5,0.8333333333333333,0.6666666666666666,89.0,-1.236901701171706,2.350533789527594,High,1
1.0,0.30000000000000004,0.75,0.2,0.4,0.5,0.75,0.8333333333333333,0.5,95.0,-0.9039667893182766,-0.041340707624741846,High,1
1.0,0.30000000000000004,1.0,0.2,0.6000000000000001,0.5,0.5,0.5,0.6666666666666666,75.0,-1.0268863882407193,0.7972945284083233,Medium,1
0.0,0.30000000000000004,0.5,0.2,0.4,0.5,0.5,0.5,0.6666666666666666,60.0,-0.8011387754022343,-0.6605710620642888,Low,2
0.0,0.30000000000000004,0.5,0.6000000000000001,0.2,0.5,0.75,0.6666666666666666,0.8333333333333333,98.0,-0.9762493163691137,0.5036229503778742,High,2
0.0,0.30000000000000004,0.25,1.0,0.2,0.5,0.5,0.6666666666666666,0.6666666666666666,95.0,-1.1098652281187475,1.3507289199367962,High,2
1.0,0.30000000000000004,1.0,1.0,0.6000000000000001,0.5,0.75,0.8333333333333333,0.8333333333333333,91.0,-1.4949598321678734,3.8844104274720657,High,1
1.0,0.30000000000000004,0.5,1.0,0.4,0.5,0.75,0.6666666666666666,0.6666666666666666,55.0,-1.3505320735956956,2.3692080545835728,Low,1
0.0,0.30000000000000004,0.5,1.0,0.2,0.5,0.75,0.8333333333333333,0.6666666666666666,89.5,-1.2194168322518686,1.9157581975127203,High,2
1.0,0.30000000000000004,0.25,1.0,0.2,0.5,0.75,0.5,0.5,90.0,-1.2754313618916933,1.3283290835760821,High,1
1.0,0.30000000000000004,0.75,0.6000000000000001,0.4,0.5,0.75,0.6666666666666666,0.3333333333333333,55.5,-1.2351777496844183,1.259256680230597,Low,1
1.0,0.30000000000000004,0.5,1.0,0.4,0.5,0.5,0.6666666666666666,0.6666666666666666,75.0,-1.2662857940890566,2.334271108528405,Medium,1
1.0,0.30000000000000004,0.25,1.0,0.4,0.5,0.75,1.0,1.0,92.5,-1.1248230040141367,2.158361484474666,High,1
1.0,0.30000000000000004,1.0,1.0,0.4,0.5,0.5,0.5,0.6666666666666666,93.0,-1.448961610067101,3.227148982650659,High,1
1.0,0.30000000000000004,0.25,0.6000000000000001,0.4,0.5,0.5,0.8333333333333333,0.5,93.0,-0.9340863650847364,0.4074113462994715,High,1
1.0,0.30000000000000004,0.75,0.2,0.8,0.5,0.5,0.8333333333333333,0.8333333333333333,80.0,-0.9193112839666773,0.9452956252935589,Medium,1
1.0,0.30000000000000004,1.0,0.2,0.8,0.5,0.5,0.6666666666666666,0.6666666666666666,50.0,-1.0668293421915447,1.2878806112885144,Low,1
0.0,0.30000000000000004,0.0,0.0,0.0,0.0,0.25,0.6666666666666666,0.6666666666666666,62.0,-0.20449496419864932,-3.345546115266308,Medium,0
1.0,0.30000000000000004,0.25,1.0,0.2,0.5,0.5,0.6666666666666666,0.6666666666666666,96.5,-1.1129940710283628,1.4251305534069623,High,1
0.0,0.30000000000000004,0.5,0.8,0.4,0.5,0.5,0.6666666666666666,0.6666666666666666,50.0,-1.1366469766747165,1.5437015731875459,Low,2
0.0,0.30000000000000004,0.0,0.0,0.0,0.0,0.25,0.5,0.5,55.0,-0.28268597555534125,-3.4772845311523564,Low,0
1.0,0.30000000000000004,0.75,0.8,0.4,0.5,0.75,0.8333333333333333,0.6666666666666666,75.0,-1.2493274237174532,2.183132484233635,Medium,1
0.0,0.30000000000000004,0.0,0.0,0.0,0.0,0.75,0.8333333333333333,0.6666666666666666,86.0,-0.3289658009702352,-3.2199032935162206,High,0
1.0,0.30000000000000004,0.75,0.2,0.4,0.5,0.75,0.8333333333333333,0.6666666666666666,52.0,-0.8697975002032781,0.03462877862155356,Low,1
0.0,0.30000000000000004,0.0,0.0,0.0,0.0,0.5,0.6666666666666666,0.6666666666666666,85.0,-0.28874124370528964,-3.310609169211141,High,0
1.0,0.30000000000000004,1.0,0.6000000000000001,0.2,0.5,1.0,0.5,0.6666666666666666,80.0,-1.2804695438784113,1.4298699177791674,Medium,1
0.0,0.30000000000000004,0.25,0.6000000000000001,0.4,0.5,0.25,0.3333333333333333,0.6666666666666666,62.0,-0.9446071202785631,0.20673546410117627,Medium,2
1.0,0.30000000000000004,0.75,0.2,0.2,0.5,0.5,0.8333333333333333,0.8333333333333333,62.0,-0.6674172553891222,-0.35915583442775834,Medium,1
1.0,0.30000000000000004,0.25,0.2,0.4,0.5,0.5,0.5,0.5,40.0,-0.7691098605586726,-1.136462316721421,Low,1
0.0,0.30000000000000004,0.5,1.0,0.8,0.5,0.5,0.3333333333333333,0.6666666666666666,80.0,-1.5191297480478645,3.017965922259612,Medium,2
0.0,0.30000000000000004,0.0,0.0,0.0,0.0,0.75,0.6666666666666666,0.3333333333333333,75.0,-0.4413261014419252,-3.4276111956485638,Medium,0
0.0,0.30000000000000004,0.25,0.6000000000000001,0.4,0.5,0.75,0.8333333333333333,0.6666666666666666,68.0,-0.9810345125667617,0.4439161451307694,Medium,2
1.0,0.30000000000000004,0.75,0.6000000000000001,0.4,0.5,0.75,0.3333333333333333,0.3333333333333333,88.0,-1.3232211941678047,1.1477188209510913,High,1
1.0,0.30000000000000004,0.25,0.2,0.6000000000000001,0.5,0.5,0.6666666666666666,0.6666666666666666,56.0,-0.7748835253944995,-0.5699067475949331,Low,1
0.0,0.30000000000000004,0.25,0.6000000000000001,0.2,0.5,0.5,0.5,0.5,67.2,-0.9350362904659892,-0.21334529969063887,Medium,2
0.0,0.30000000000000004,0.0,0.0,0.0,0.0,1.0,0.6666666666666666,0.6666666666666666,76.0,-0.45723380271856806,-3.240735277100806,Medium,0
0.0,0.30000000000000004,0.0,0.0,0.0,0.0,0.25,0.6666666666666666,0.6666666666666666,70.0,-0.20449496419864932,-3.345546115266308,Medium,0
1.0,0.30000000000000004,0.75,0.2,0.6000000000000001,0.5,0.5,0.6666666666666666,0.3333333333333333,60.0,-0.9818761973608474,0.2268010836744816,Low,1
1.0,0.30000000000000004,0.25,0.8,0.2,0.5,0.5,0.8333333333333333,0.5,42.5,-0.976631663396943,0.688762094929726,Low,1
1.0,0.30000000000000004,0.25,1.0,0.4,0.5,0.5,0.8333333333333333,0.6666666666666666,80.0,-1.1529370249791877,1.9157166362871552,Medium,1
0.0,0.30000000000000004,0.0,0.0,0.0,0.0,0.75,0.6666666666666666,0.6666666666666666,97.0,-0.37298752321192863,-3.275672223155974,High,0
0.0,0.30000000000000004,0.0,0.0,0.0,0.0,0.5,0.6666666666666666,0.6666666666666666,75.0,-0.28874124370528964,-3.310609169211141,Medium,0
0.0,0.30000000000000004,0.0,0.0,0.0,0.0,0.5,0.6666666666666666,0.6666666666666666,,-0.28874124370528964,-3.310609169211141,,0
1.0,0.30000000000000004,1.0,0.8,0.4,0.5,0.75,0.5,0.5,85.0,-1.4408672041840136,2.4699485405888373,High,1
0.0,0.30000000000000004,0.25,1.0,0.2,0.5,0.5,1.0,0.6666666666666666,90.0,-1.0218217836353611,1.4622667792163027,High,2
0.0,0.30000000000000004,0.5,0.4,0.2,0.5,0.25,0.6666666666666666,0.5,85.0,-0.7495853610811074,-0.4343578160957442,High,2
1.0,0.30000000000000004,0.5,0.6000000000000001,0.4,0.5,0.5,0.5,0.16666666666666666,43.0,-1.1597954346662949,0.6182579164083792,Low,1
0.0,0.30000000000000004,0.0,0.0,0.0,0.0,0.5,0.8333333333333333,0.5,85.0,-0.2788888105785947,-3.3308097258176836,High,0
1.0,0.30000000000000004,0.25,0.6000000000000001,0.6000000000000001,0.5,0.5,0.6666666666666666,0.6666666666666666,85.0,-1.0279034744039497,0.8624290561464534,High,1
0.0,0.30000000000000004,0.5,1.0,0.4,0.5,0.5,0.5,0.5,65.0,-1.3413479625361329,2.1281310591721905,Medium,2
0.0,0.30000000000000004,0.5,0.2,0.6000000000000001,0.5,0.5,0.5,0.5,70.0,-0.9192727407097512,-0.30172339507014456,Medium,2
0.0,0.30000000000000004,0.5,0.6000000000000001,0.2,0.5,0.75,0.6666666666666666,0.8333333333333333,75.0,-0.9762493163691137,0.5036229503778742,Medium,2
1.0,0.30000000000000004,0.25,0.6000000000000001,0.4,0.5,0.5,0.3333333333333333,0.5,55.0,-1.0661515318098163,0.24010455738021275,Low,1
1.0,0.30000000000000004,0.25,0.2,0.4,0.5,0.75,0.8333333333333333,0.8333333333333333,68.0,-0.6969741173519282,-0.8380485388941579,Medium,1
1.0,0.30000000000000004,1.0,1.0,0.8,0.5,1.0,0.6666666666666666,0.6666666666666666,95.0,-1.7413617992237231,4.222426110881623,High,1
1.0,0.30000000000000004,0.75,1.0,0.4,0.5,1.0,0.8333333333333333,0.8333333333333333,95.0,-1.425914388613819,3.0102068184057913,High,1
1.0,0.30000000000000004,0.0,0.0,0.0,0.0,0.5,0.8333333333333333,0.6666666666666666,59.69,-0.247848364373211,-3.180438606101222,Low,0
1.0,0.30000000000000004,1.0,0.6000000000000001,0.6000000000000001,0.5,0.25,0.8333333333333333,0.6666666666666666,85.0,-1.1076166132601437,2.3062312453740494,High,1
1.0,0.30000000000000004,1.0,0.2,0.6000000000000001,0.5,0.5,0.6666666666666666,0.5,65.0,-1.0170339551140248,0.7770939718017802,Medium,1
1.0,0.30000000000000004,0.25,0.6000000000000001,0.6000000000000001,0.5,0.75,0.6666666666666666,0.6666666666666666,45.0,-1.1121497539105887,0.897366002201621,Low,1
0.0,0.30000000000000004,0.0,0.0,0.0,0.0,0.5,0.6666666666666666,0.8333333333333333,87.5,-0.2545719545902907,-3.234639682964846,High,0
1.0,0.30000000000000004,0.25,1.0,0.2,0.5,0.5,0.5,0.6666666666666666,88.0,-1.1570157932700558,1.36936162376721,High,1
1.0,0.30000000000000004,1.0,0.2,0.8,0.5,0.5,0.8333333333333333,0.5,40.0,-1.0569769090648498,1.2676800546819722,Low,1
0.0,0.30000000000000004,0.0,0.0,0.0,0.0,0.5,0.8333333333333333,0.6666666666666666,77.0,-0.24471952146359577,-3.2548402395713882,Medium,0
1.0,0.30000000000000004,0.5,0.6000000000000001,0.4,0.5,0.75,0.6666666666666666,0.6666666666666666,71.0,-1.0975121245862458,0.9368722508421845,Medium,1
0.0,0.30000000000000004,0.0,0.0,0.0,0.0,0.5,0.6666666666666666,0.5,75.0,-0.3229105328202877,-3.386578655457436,Medium,0
0.0,0.30000000000000004,0.0,0.0,0.0,0.0,1.0,1.0,1.0,90.0,-0.30085178000518464,-2.9772584453287108,High,0
1.0,0.30000000000000004,0.75,0.6000000000000001,0.6000000000000001,0.5,0.5,0.5,0.5,65.0,-1.2447485794969926,1.679337444022412,Medium,1
1.0,0.30000000000000004,0.25,0.6000000000000001,0.4,0.5,0.5,0.6666666666666666,0.5,65.0,-0.9781080873264298,0.3516424166597183,Medium,1
1.0,0.4,1.0,0.2,0.6000000000000001,0.5,0.75,0.8333333333333333,0.6666666666666666,100.0,-0.04294566464751348,1.1112613865987022,High,1
0.0,0.4,0.5,1.0,0.4,0.5,1.0,0.8333333333333333,0.5,100.0,-0.44165351844956735,2.477034863417738,High,2
1.0,0.4,0.5,0.8,0.4,0.5,0.75,0.6666666666666666,0.3333333333333333,100.0,-0.31221711870450974,1.6685932330759927,High,1
1.0,0.4,0.5,0.8,0.6000000000000001,0.5,1.0,0.3333333333333333,0.6666666666666666,100.0,-0.5001329406570574,2.1787484455846853,High,1
1.0,0.4,0.75,0.8,0.2,0.5,0.5,0.6666666666666666,0.6666666666666666,90.5,-0.1449946316435291,1.8251015081539812,High,1
0.0,0.4,0.0,0.0,0.0,0.0,0.75,0.5,0.6666666666666666,100.0,0.5631343131628368,-3.1639490999400213,High,0
1.0,0.4,1.0,0.2,1.0,0.5,0.25,0.6666666666666666,0.5,80.0,-0.12057346937596325,1.7792833850831977,Medium,1
1.0,0.4,0.5,0.2,0.4,0.5,0.5,0.8333333333333333,0.5,85.0,0.22975009567299587,-0.383109002705206,High,1
0.0,0.4,0.25,1.0,0.2,0.5,1.0,1.0,1.0,100.0,-0.14183220580218325,1.8515716966749336,High,2
0.0,0.4,0.25,0.6000000000000001,0.2,0.5,0.75,0.8333333333333333,0.5,100.0,0.04890443312721704,0.1006215584997392,High,2
0.0,0.4,0.5,0.6000000000000001,0.6000000000000001,0.5,1.0,0.6666666666666666,0.6666666666666666,100.0,-0.2824506787593295,1.4997167695233315,High,2
1.0,0.4,0.5,1.0,0.6000000000000001,0.5,0.75,0.6666666666666666,0.5,85.0,-0.48852248028675493,2.895547774433422,High,1
1.0,0.4,0.75,0.8,0.2,0.5,1.0,0.6666666666666666,0.6666666666666666,90.0,-0.31348719065680797,1.8949754002643164,High,1
1.0,0.4,0.0,0.0,0.0,0.0,0.75,0.6666666666666666,0.8333333333333333,85.0,0.6381964816099126,-2.9578090505838075,High,0
1.0,0.4,1.0,0.2,0.8,0.5,0.75,0.6666666666666666,0.6666666666666666,100.0,-0.17093206308172526,1.4903096101993887,High,1
0.0,0.4,1.0,0.4,0.6000000000000001,0.5,1.0,0.8333333333333333,0.5,80.0,-0.2847423648642602,1.7119951148081016,Medium,2
0.0,0.4,0.0,0.0,0.0,0.0,1.0,0.6666666666666666,0.6666666666666666,90.0,0.5229097558978903,-3.0732432242451004,High,0
0.0,0.4,0.75,0.6000000000000001,0.4,0.5,0.5,0.5,0.5,100.0,-0.17751150177840103,1.337610710167512,High,2
0.0,0.4,0.25,0.4,0.2,0.5,0.75,0.6666666666666666,0.6666666666666666,96.5,0.16556197450524834,-0.5953457867644119,High,2
0.0,0.4,0.5,0.8,0.6000000000000001,0.5,0.75,0.6666666666666666,0.6666666666666666,85.0,-0.3247143737574154,2.180947725338857,High,2
0.0,0.4,0.0,0.0,0.0,0.0,0.5,0.8333333333333333,0.6666666666666666,100.0,0.7354240371528622,-3.0873481867156825,High,0
0.0,0.4,0.0,0.0,0.0,0.0,0.5,0.6666666666666666,0.6666666666666666,100.0,0.6914023149111692,-3.1431171163554357,High,0
1.0,0.4,0.0,0.0,0.0,0.0,0.75,1.0,0.8333333333333333,98.0,0.7262399260932995,-2.8462711913043015,High,0
0.0,0.4,0.75,1.0,0.4,0.5,1.0,1.0,0.8333333333333333,100.0,-0.39862026484605284,3.1590661674310843,High,2
1.0,0.4,0.75,0.2,0.8,0.5,0.5,0.6666666666666666,0.5,92.0,-0.051528025821909296,0.9050797760169225,High,1
1.0,0.4,1.0,0.8,0.4,0.5,0.5,0.8333333333333333,0.6666666666666666,90.0,-0.25426463246253217,2.7900109929151773,High,1
0.0,0.4,0.75,0.6000000000000001,0.2,0.5,0.75,0.6666666666666666,0.6666666666666666,85.0,-0.09960209373582884,1.0694689188682887,High,2
0.0,0.4,0.25,1.0,0.4,0.5,1.0,0.8333333333333333,0.6666666666666666,85.0,-0.33815718246639204,2.07868094778303,High,2
1.0,0.4,0.25,0.6000000000000001,0.4,0.5,0.5,0.8333333333333333,0.8333333333333333,72.5,0.11439577176171944,0.7268423716477672,Medium,1
1.0,0.4,0.75,0.6000000000000001,0.4,0.5,1.0,0.6666666666666666,0.6666666666666666,85.0,-0.2709418923446023,1.613624651634062,High,1
0.0,0.5000000000000001,0.25,1.0,0.4,0.5,1.0,0.6666666666666666,0.6666666666666666,100.0,0.5979646539083738,2.190404070998982,High,2
1.0,0.5000000000000001,0.5,0.2,0.4,0.5,1.0,0.8333333333333333,0.8333333333333333,100.0,1.109739673506172,0.006195914753423182,High,1
1.0,0.5000000000000001,0.25,0.8,0.2,0.5,1.0,0.3333333333333333,0.3333333333333333,100.0,0.648928438982618,0.8503438175859186,High,1
1.0,0.5000000000000001,1.0,1.0,1.0,0.5,1.0,0.5,0.5,85.0,0.056769630459983844,4.860488953947428,High,1
1.0,0.5000000000000001,0.0,0.0,0.0,0.0,0.75,0.3333333333333333,0.6666666666666666,100.0,1.4961273066279865,-2.9778243432539027,High,0
0.0,0.5000000000000001,0.5,0.6000000000000001,0.2,0.5,0.5,0.5,0.5,75.0,0.955923779898753,0.595962207901775,Medium,2
1.0,0.5000000000000001,0.5,1.0,0.4,0.5,1.0,0.3333333333333333,0.3333333333333333,100.0,0.36912674141719837,2.4756522745780556,High,1
1.0,0.5000000000000001,0.75,1.0,0.6000000000000001,0.5,1.0,0.0,1.0,100.0,0.26446873033311125,3.5771329154051728,High,1
1.0,0.5000000000000001,1.0,0.2,0.8,0.5,0.25,0.6666666666666666,0.6666666666666666,100.0,0.9777040545480107,1.5879277709447592,High,1
0.0,0.5000000000000001,0.0,0.0,0.0,0.0,0.75,0.6666666666666666,0.8333333333333333,100.0,1.6214688831359867,-2.8647186311982678,High,0
1.0,0.5000000000000001,1.0,0.6000000000000001,0.6000000000000001,0.5,1.0,1.0,0.6666666666666666,100.0,0.6439533876945491,2.8017951188907153,High,1
1.0,0.5000000000000001,0.75,0.4,0.6000000000000001,0.5,0.75,1.0,1.0,100.0,0.9923752668040855,1.7283058415764412,High,1
1.0,0.5000000000000001,1.0,1.0,1.0,0.5,1.0,0.6666666666666666,0.6666666666666666,70.0,0.13496064181667577,4.992227369833474,Medium,1
1.0,0.5000000000000001,0.75,1.0,0.4,0.5,0.75,1.0,0.8333333333333333,100.0,0.6626407303674302,3.3660229077017885,High,1
1.0,0.5000000000000001,0.0,0.0,0.0,0.0,0.75,0.8333333333333333,0.5,100.0,1.5940231842380665,-2.8864870405809393,High,0
0.0,0.5000000000000001,0.0,0.0,0.0,0.0,0.75,0.8333333333333333,0.6666666666666666,100.0,1.6313213162626816,-2.88491918780481,High,0
1.0,0.5000000000000001,0.75,0.4,0.4,0.5,1.0,1.0,1.0,100.0,0.992093663489964,1.3284256343911691,High,1
1.0,0.5000000000000001,0.25,1.0,0.4,0.5,1.0,1.0,0.8333333333333333,100.0,0.7170485445971426,2.452313049994948,High,1
1.0,0.5000000000000001,0.75,0.2,0.6000000000000001,0.5,0.75,0.8333333333333333,0.8333333333333333,100.0,1.040694229952118,0.8803995238196984,High,1
0.0,0.5000000000000001,0.0,0.0,0.0,0.0,1.0,1.0,0.8333333333333333,90.0,1.6252660481127341,-2.7182438258635946,High,0
1.0,0.5000000000000001,0.75,1.0,0.4,0.5,0.5,0.6666666666666666,0.6666666666666666,100.0,0.6246742762756847,3.14357861612082,High,1
0.0,0.6000000000000001,0.0,0.0,0.0,0.0,0.0,0.6666666666666666,0.6666666666666666,95.0,2.820181991157364,-2.8780069027543593,High,0
1.0,0.6000000000000001,0.25,0.4,0.2,0.5,0.0,0.8333333333333333,0.5,100.0,2.3853115204751614,-0.3109714423548793,High,1
0.0,0.6000000000000001,0.75,0.4,0.2,0.5,0.0,0.8333333333333333,0.8333333333333333,100.0,2.3181248478784218,0.7152127004295519,High,2
0.0,0.6000000000000001,0.75,0.4,0.4,0.5,0.0,0.6666666666666666,0.5,85.0,2.121799871214213,0.9423219515376475,High,2
1.0,0.6000000000000001,0.5,1.0,0.2,0.5,0.0,0.6666666666666666,0.8333333333333333,90.0,1.9607714060811139,2.408025707991042,High,1
0.0,0.6000000000000001,0.0,0.0,0.0,0.0,0.0,0.6666666666666666,0.6666666666666666,100.0,2.820181991157364,-2.8780069027543593,High,0
0.0,0.6000000000000001,0.0,0.0,0.0,0.0,0.0,0.8333333333333333,0.6666666666666666,90.0,2.864203713399057,-2.822237973114606,High,0
1.0,0.6000000000000001,0.0,0.0,0.0,0.0,0.0,0.8333333333333333,0.8333333333333333,100.0,2.89524415960444,-2.6718668533981456,High,0
1.0,0.6000000000000001,0.25,1.0,0.2,0.5,0.0,0.8333333333333333,0.8333333333333333,100.0,2.0741201751909832,1.9894712357497921,High,1
1.0,0.6000000000000001,0.25,1.0,0.2,0.5,0.0,0.6666666666666666,0.6666666666666666,86.0,1.9959291638342922,1.8577328198637444,High,1
0.0,0.6000000000000001,0.75,0.4,0.2,0.5,0.0,0.8333333333333333,0.8333333333333333,90.0,2.3181248478784218,0.7152127004295519,High,2
1.0,0.6000000000000001,0.75,1.0,0.6000000000000001,0.5,0.0,0.5,0.5,90.0,1.6111547063562117,3.5442755142205815,High,1
1.0,0.6000000000000001,0.75,1.0,0.2,0.5,0.0,0.8333333333333333,0.8333333333333333,100.0,1.9354660814546314,2.9381180395117985,High,1
1.0,0.6000000000000001,0.75,0.8,0.6000000000000001,0.5,0.0,0.8333333333333333,0.8333333333333333,100.0,1.8940467035743191,3.091584444121983,High,1
0.0,0.6000000000000001,0.25,0.4,0.4,0.5,0.0,0.6666666666666666,0.6666666666666666,95.0,2.2946232540655638,0.06964463402193655,High,2
1.0,0.6000000000000001,0.5,0.4,0.2,0.5,0.0,0.8333333333333333,0.8333333333333333,100.0,2.384323051836982,0.31529093201871383,High,1
1.0,0.6000000000000001,0.75,0.4,0.6000000000000001,0.5,0.0,0.5,0.5,100.0,1.9906846298703869,1.3957718086085,High,1
0.0,0.6000000000000001,0.0,0.0,0.0,0.0,0.0,0.8333333333333333,0.6666666666666666,100.0,2.864203713399057,-2.822237973114606,High,0
0.0,0.6000000000000001,0.0,0.0,0.0,0.0,0.0,1.0,1.0,100.0,2.976564013870747,-2.614530070982263,High,0
0.0,0.6000000000000001,0.5,1.0,0.6000000000000001,0.5,0.0,0.6666666666666666,0.8333333333333333,100.0,1.7959708966056924,3.2032583810017554,High,2
1.0,0.6000000000000001,0.25,0.8,0.2,0.5,0.0,1.0,1.0,100.0,2.2788211610524005,1.4050417497651466,High,1
1.0,0.6000000000000001,0.5,0.6000000000000001,0.4,0.5,0.0,0.8333333333333333,0.6666666666666666,90.0,2.13967911202474,1.3903065008835522,High,1
1.0,0.6000000000000001,0.5,0.8,0.6000000000000001,0.5,0.0,0.8333333333333333,0.8333333333333333,100.0,1.9633737504424955,2.6172610422409797,High,1
1.0,0.6000000000000001,0.5,0.6000000000000001,0.6000000000000001,0.5,0.0,0.6666666666666666,0.3333333333333333,85.0,1.943354135360532,1.6174157519916479,High,1
1.0,0.6000000000000001,0.25,0.8,0.2,0.5,0.0,0.8333333333333333,0.8333333333333333,100.0,2.2006301496957086,1.273303333879098,High,1
1.0,0.6000000000000001,0.25,1.0,0.2,0.5,0.0,0.5,0.3333333333333333,100.0,1.8835688633626022,1.6500249177314013,High,1
0.0,0.6000000000000001,0.0,0.0,0.0,0.0,0.0,0.8333333333333333,1.0,100.0,2.932542291629053,-2.670299000622016,High,0
0.0,0.6000000000000001,0.0,0.0,0.0,0.0,0.0,0.8333333333333333,0.8333333333333333,100.0,2.898373002514055,-2.746268486868311,High,0
1.0,0.6000000000000001,0.0,0.0,0.0,0.0,0.0,0.6666666666666666,0.5,95.0,2.78288385913275,-2.8795747555304883,High,0
1.0,0.6000000000000001,1.0,1.0,0.6000000000000001,0.5,0.0,0.6666666666666666,0.6666666666666666,100.0,1.6200186708447282,4.150337331987632,High,1
1.0,0.6000000000000001,0.25,0.6000000000000001,0.2,0.5,0.0,0.3333333333333333,0.3333333333333333,100.0,2.092567090130359,0.16192018435026068,High,1
0.0,0.6000000000000001,1.0,1.0,0.2,0.5,0.0,0.8333333333333333,0.8333333333333333,100.0,1.8692678774960712,3.3380398079226365,High,2
1.0,0.6000000000000001,0.0,0.0,0.0,0.0,0.0,0.6666666666666666,0.8333333333333333,98.0,2.851222437362747,-2.727635783037898,High,0
1.0,0.6000000000000001,0.25,1.0,0.2,0.5,0.0,0.6666666666666666,0.6666666666666666,97.0,1.9959291638342922,1.8577328198637444,High,1
1.0,0.6000000000000001,0.25,0.8,0.4,0.5,0.0,0.6666666666666666,0.6666666666666666,100.0,2.0384744621464987,1.57638207123349,High,1
0.0,0.6000000000000001,0.0,0.0,0.0,0.0,0.0,0.8333333333333333,0.8333333333333333,90.0,2.898373002514055,-2.746268486868311,High,0
1.0,0.6000000000000001,1.0,1.0,0.6000000000000001,0.5,0.0,0.6666666666666666,0.6666666666666666,97.0,1.6200186708447282,4.150337331987632,High,1
0.0,0.6000000000000001,0.0,0.0,0.0,0.0,0.0,0.8333333333333333,0.5,97.0,2.830034424284058,-2.8982074593609015,High,0
1.0,0.7000000000000001,0.0,0.0,0.0,0.0,0.25,0.5,0.5,75.0,3.6347594160008754,-2.7329146862593685,Medium,0
1.0,0.7000000000000001,0.25,0.2,0.2,0.5,0.5,0.6666666666666666,0.5,65.0,3.279450772341373,-0.8455423288992856,Medium,1
0.0,0.7000000000000001,0.25,1.0,0.2,0.5,0.25,0.6666666666666666,0.3333333333333333,56.0,2.826616707623729,1.833821212811861,Low,2
1.0,0.7000000000000001,0.75,0.8,0.6000000000000001,0.5,0.5,0.5,0.3333333333333333,50.0,2.515146391349118,2.989504071069633,Low,1
1.0,0.7000000000000001,0.75,0.4,0.4,0.5,0.75,0.5,0.5,72.0,2.8020540261594453,1.233257546389269,Medium,1
0.0,0.7000000000000001,0.5,1.0,0.4,0.5,0.5,0.6666666666666666,0.5,87.0,2.6232479941713933,2.853868200234766,High,2
1.0,0.7000000000000001,0.0,0.0,0.0,0.0,0.75,0.6666666666666666,0.6666666666666666,67.5,3.5444578683442893,-2.531302378262986,Medium,0
0.0,0.7000000000000001,0.0,0.0,0.0,0.0,0.75,0.6666666666666666,0.6666666666666666,80.0,3.5475867112539046,-2.6057040117331516,Medium,0
0.0,0.7000000000000001,0.0,0.0,0.0,0.0,0.5,0.3333333333333333,0.3333333333333333,80.0,3.475450968047161,-2.9041177895604147,Medium,0
1.0,0.7000000000000001,0.25,0.6000000000000001,0.2,0.5,0.5,0.8333333333333333,0.5,85.0,3.070452545573616,0.642562404481855,High,1
0.0,0.7000000000000001,0.0,0.0,0.0,0.0,0.5,0.3333333333333333,0.3333333333333333,95.0,3.475450968047161,-2.9041177895604147,High,0
1.0,0.7000000000000001,0.25,0.8,0.4,0.5,0.25,0.5,0.16666666666666666,60.0,2.7878421516696283,1.4951336817657248,Low,1
1.0,0.7000000000000001,0.0,0.0,0.0,0.0,0.25,0.5,0.5,90.0,3.6347594160008754,-2.7329146862593685,High,0
0.0,0.7000000000000001,0.0,0.0,0.0,0.0,0.5,0.6666666666666666,0.6666666666666666,100.0,3.631832990760544,-2.6406409577883183,High,0
0.0,0.7000000000000001,1.0,0.2,0.2,0.5,0.25,0.6666666666666666,0.6666666666666666,90.0,3.1930140432680982,0.5440587834646857,High,2
0.0,0.7000000000000001,0.0,0.0,0.0,0.0,0.5,0.6666666666666666,0.6666666666666666,75.0,3.631832990760544,-2.6406409577883183,Medium,0
1.0,0.7000000000000001,0.0,0.0,0.0,0.0,0.75,0.5,0.6666666666666666,87.5,3.5004361461025963,-2.5870713079027388,High,0
0.0,0.7000000000000001,0.5,0.8,0.4,0.5,0.5,0.6666666666666666,0.5,95.0,2.7497579686761178,2.137700298364072,High,2
0.0,0.7000000000000001,0.0,0.0,0.0,0.0,0.25,0.6666666666666666,0.3333333333333333,87.5,3.6477406920371847,-2.8275168763360767,High,0
0.0,0.7000000000000001,0.0,0.0,0.0,0.0,0.25,0.5,0.3333333333333333,90.0,3.6037189697954926,-2.883285805975829,High,0
0.0,0.7000000000000001,0.0,0.0,0.0,0.0,0.25,0.8333333333333333,0.3333333333333333,90.0,3.6917624142788776,-2.7717479466963235,High,0
0.0,0.7000000000000001,0.0,0.0,0.0,0.0,0.25,0.6666666666666666,0.6666666666666666,83.0,3.7160792702671825,-2.675577903843486,High,0
1.0,0.7000000000000001,0.75,0.6000000000000001,0.6000000000000001,0.5,0.5,0.6666666666666666,0.3333333333333333,85.0,2.6856780880955364,2.329105098838691,High,1
1.0,0.7000000000000001,0.0,0.0,0.0,0.0,0.5,0.6666666666666666,0.3333333333333333,77.5,3.5603655696209318,-2.718178296810743,Medium,0
1.0,0.7000000000000001,0.5,0.6000000000000001,0.4,0.5,0.5,0.3333333333333333,0.3333333333333333,65.0,2.750926366672844,1.3084266844377437,Medium,1
1.0,0.7000000000000001,0.0,0.0,0.0,0.0,0.5,0.8333333333333333,0.5,95.0,3.638556580977623,-2.5864398809246953,High,0
1.0,0.7000000000000001,0.25,0.6000000000000001,0.2,0.5,0.25,0.5,0.5,75.0,3.0666553805968686,0.4960875991471827,Medium,1
1.0,0.7000000000000001,0.5,0.4,0.4,0.5,0.75,0.6666666666666666,0.3333333333333333,75.0,2.8812335061543157,0.7387335879017227,Medium,1
0.0,0.7000000000000001,0.0,0.0,0.0,0.0,0.5,0.5,0.3333333333333333,95.0,3.519472690288854,-2.848348859920662,High,0
1.0,0.7000000000000001,0.5,0.6000000000000001,0.2,0.5,0.5,0.5,0.8333333333333333,82.5,2.9814206324520507,1.1572869195759425,High,1
1.0,0.7000000000000001,0.5,0.8,0.2,0.5,0.5,0.3333333333333333,0.5,60.0,2.7425503574756362,1.6657469193142935,Low,1
1.0,0.7000000000000001,0.5,1.0,0.8,1.0,0.25,0.5,0.3333333333333333,40.0,2.4229626781975497,3.802586802917622,Low,1
0.0,0.7000000000000001,0.0,0.0,0.0,0.0,0.5,0.6666666666666666,0.6666666666666666,65.0,3.631832990760544,-2.6406409577883183,Medium,0
1.0,0.7000000000000001,0.75,1.0,0.2,0.5,0.5,0.6666666666666666,0.6666666666666666,78.0,2.6689260697011203,3.043745568591791,Medium,1
0.0,0.7000000000000001,0.5,0.8,0.6000000000000001,0.5,0.5,0.6666666666666666,0.6666666666666666,75.0,2.699962581598599,2.648486937850806,Medium,2
0.0,0.7000000000000001,0.0,0.0,0.0,0.0,0.5,0.6666666666666666,0.3333333333333333,85.5,3.563494412530547,-2.792579930280909,High,0
0.0,0.7000000000000001,0.5,0.6000000000000001,0.2,0.5,0.5,0.6666666666666666,0.6666666666666666,70.0,2.994401908488361,1.0626847294992343,Medium,2
1.0,0.7000000000000001,1.0,0.6000000000000001,0.6000000000000001,0.5,0.5,0.6666666666666666,0.3333333333333333,80.0,2.616351041227361,2.8034285007196944,Medium,1
0.0,0.7000000000000001,0.5,0.6000000000000001,0.6000000000000001,0.5,0.5,0.3333333333333333,0.3333333333333333,65.0,2.670090533389941,1.6688422042080164,Medium,2
1.0,0.7000000000000001,0.25,0.8,0.4,0.5,0.75,0.6666666666666666,0.3333333333333333,67.0,2.6975406040130423,1.696745989762106,Medium,1
1.0,0.7000000000000001,0.5,0.4,0.4,0.5,0.75,0.8333333333333333,0.8333333333333333,50.0,3.0277630957410038,1.0224109762803613,Low,1
1.0,0.7000000000000001,0.25,0.4,0.4,0.5,0.25,0.5,0.3333333333333333,50.0,3.075031389794077,0.13876736427063285,Low,1
1.0,0.7000000000000001,0.5,1.0,0.2,0.5,0.25,0.3333333333333333,0.3333333333333333,33.0,2.6661173733625514,2.2710083888835246,Low,1
1.0,0.7000000000000001,0.25,0.8,0.2,0.5,0.25,0.8333333333333333,0.5,90.0,3.02818885057553,1.3237933602973815,High,1
1.0,0.7000000000000001,0.75,1.0,0.4,0.5,0.25,0.6666666666666666,0.3333333333333333,85.3,2.600869094785243,3.291686803284472,High,1
0.0,0.7000000000000001,0.25,0.2,0.2,0.5,0.5,0.6666666666666666,0.3333333333333333,52.0,3.24841032613599,-0.9959134486157466,Low,2
0.0,0.7000000000000001,0.0,0.0,0.0,0.0,0.5,0.6666666666666666,0.5,53.0,3.597663701645545,-2.7166104440346137,Low,0
0.0,0.7000000000000001,0.25,0.8,0.2,0.5,0.5,0.6666666666666666,0.6666666666666666,70.0,2.937218980851812,1.3045292294889244,Medium,2
0.0,0.7000000000000001,0.0,0.0,0.0,0.0,0.5,0.6666666666666666,0.6666666666666666,70.5,3.631832990760544,-2.6406409577883183,Medium,0
1.0,0.7000000000000001,0.25,0.8,0.4,0.5,0.5,0.6666666666666666,0.5,70.0,2.81595617263468,1.7377785299532338,Medium,1
1.0,0.7000000000000001,0.25,1.0,0.4,0.5,1.0,0.3333333333333333,0.16666666666666666,49.53,2.3645716164032926,2.2603434921621677,Low,1
1.0,0.7000000000000001,0.25,0.4,0.4,0.5,0.5,0.6666666666666666,0.6666666666666666,68.0,3.1031454107591285,0.3814122124581427,Medium,1
1.0,0.7000000000000001,0.5,0.2,0.4,0.5,0.5,0.6666666666666666,0.6666666666666666,50.0,3.1603283383956766,0.1395677124684518,Low,1
0.0,0.7000000000000001,0.0,0.0,0.0,0.0,0.5,0.3333333333333333,0.3333333333333333,80.5,3.475450968047161,-2.9041177895604147,High,0
1.0,0.7000000000000001,0.5,0.6000000000000001,0.4,0.5,0.5,0.3333333333333333,0.3333333333333333,72.1,2.750926366672844,1.3084266844377437,Medium,1
1.0,0.7000000000000001,0.5,0.6000000000000001,0.6000000000000001,0.5,0.25,0.3333333333333333,0.5,40.0,2.7853772591019625,1.7842763778693111,Low,1
1.0,0.7000000000000001,0.5,0.4,0.2,0.5,0.5,0.5,0.5,80.33,3.039592028726779,0.2891800452126585,High,1
0.0,0.7000000000000001,0.5,0.6000000000000001,0.6000000000000001,0.5,0.5,0.0,0.5,90.0,2.6162163780215524,1.6332738311748063,High,2
1.0,0.7000000000000001,0.75,0.2,0.6000000000000001,0.5,0.5,0.6666666666666666,0.6666666666666666,92.5,3.0070366153349832,1.0487082675898947,High,1
0.0,0.7000000000000001,0.25,1.0,0.2,0.5,0.5,0.6666666666666666,0.5,92.5,2.7765397172320885,1.944727645113323,High,2
1.0,0.7000000000000001,0.75,0.2,0.8,0.5,1.0,0.8333333333333333,0.6666666666666666,60.0,2.7986011023708786,1.6091682425804228,Low,1
1.0,0.7000000000000001,0.5,1.0,0.6000000000000001,0.5,0.75,0.6666666666666666,0.8333333333333333,56.5,2.5202467737926177,3.5499629054931283,Low,1
1.0,0.7000000000000001,1.0,0.4,0.8,0.5,0.5,0.6666666666666666,0.6666666666666666,95.0,2.7272349177695645,2.6740167245820308,High,1
0.0,0.7000000000000001,0.0,0.0,0.0,0.0,0.25,0.6666666666666666,0.3333333333333333,92.0,3.6477406920371847,-2.8275168763360767,High,0
0.0,0.7000000000000001,0.0,0.0,0.0,0.0,0.5,0.5,0.6666666666666666,75.0,3.587811268518851,-2.6964098874280715,Medium,0
1.0,0.7000000000000001,0.5,0.6000000000000001,0.4,0.5,0.5,0.3333333333333333,0.5,65.0,2.785095655787842,1.384396170684039,Medium,1
1.0,0.7000000000000001,0.25,1.0,0.2,0.5,0.25,0.3333333333333333,0.16666666666666666,80.0,2.701275131115729,1.720715500756227,Medium,1
0.0,0.7000000000000001,0.75,1.0,0.2,0.5,0.25,0.6666666666666666,0.3333333333333333,90.0,2.687962613887377,2.7824680165738673,High,2
0.0,0.7000000000000001,0.0,0.0,0.0,0.0,0.25,0.5,0.6666666666666666,95.0,3.6720575480254896,-2.731346833483239,High,0
1.0,0.7000000000000001,0.0,0.0,0.0,0.0,0.25,0.6666666666666666,0.3333333333333333,80.0,3.6446118491275703,-2.7531152428659107,Medium,0
0.0,0.7000000000000001,0.5,1.0,0.2,0.5,0.5,0.5,0.16666666666666666,70.0,2.594852369892222,2.211343144861984,Medium,2
1.0,0.7000000000000001,0.5,0.6000000000000001,0.4,0.5,0.25,0.5,0.5,55.0,2.9133636575361734,1.4052281542686256,Low,1
0.0,0.7000000000000001,0.25,1.0,0.2,0.5,0.25,0.6666666666666666,0.5,72.5,2.860785996738727,1.9097906990581563,Medium,2
1.0,0.7000000000000001,0.25,0.2,0.8,0.5,0.25,0.5,0.5,55.0,3.067781301028763,0.3682032551271135,Low,1
0.0,0.7000000000000001,0.0,0.0,0.0,0.0,0.25,0.6666666666666666,0.6666666666666666,96.0,3.7160792702671825,-2.675577903843486,High,0
0.0,0.7000000000000001,0.0,0.0,0.0,0.0,0.5,0.6666666666666666,0.6666666666666666,72.0,3.631832990760544,-2.6406409577883183,Medium,0
0.0,0.7000000000000001,0.0,0.0,0.0,0.0,0.5,0.5,0.3333333333333333,80.0,3.519472690288854,-2.848348859920662,Medium,0
0.0,0.7000000000000001,0.75,0.4,0.2,0.5,0.75,0.8333333333333333,0.6666666666666666,80.0,3.0113602788599643,0.9115461052044642,Medium,2
0.0,0.7000000000000001,0.5,1.0,0.2,0.5,0.5,0.6666666666666666,1.0,100.0,2.809720537708907,2.6469595057332116,High,2
0.0,0.7000000000000001,0.0,0.0,0.0,0.0,0.25,0.3333333333333333,0.3333333333333333,75.0,3.5596972475537996,-2.9390547356155823,Medium,0
1.0,0.7000000000000001,0.0,0.0,0.0,0.0,0.75,0.5,0.6666666666666666,94.5,3.5004361461025963,-2.5870713079027388,High,0
1.0,0.7000000000000001,0.0,0.0,0.0,0.0,0.25,0.5,0.16666666666666666,60.0,3.5664208377708784,-2.8848536587519584,Low,0
0.0,0.7000000000000001,0.0,0.0,0.0,0.0,0.25,0.3333333333333333,0.6666666666666666,90.0,3.6280358257837966,-2.7871157631229915,High,0
0.0,0.7000000000000001,0.0,0.0,0.0,0.0,0.25,0.5,0.3333333333333333,50.0,3.6037189697954926,-2.883285805975829,Low,0
1.0,0.7000000000000001,0.0,0.0,0.0,0.0,0.25,0.5,0.6666666666666666,75.0,3.6689287051158734,-2.656945200013073,Medium,0
1.0,0.7000000000000001,0.0,0.0,0.0,0.0,0.25,0.3333333333333333,0.3333333333333333,60.0,3.5565684046441843,-2.8646531021454162,Low,0
1.0,0.7000000000000001,0.0,0.0,0.0,0.0,0.5,0.5,0.6666666666666666,80.0,3.584682425609236,-2.622008253957906,Medium,0
1.0,0.7000000000000001,0.0,0.0,0.0,0.0,0.5,0.6666666666666666,0.3333333333333333,50.0,3.5603655696209318,-2.718178296810743,Low,0
0.0,0.7000000000000001,0.0,0.0,0.0,0.0,0.25,0.8333333333333333,0.3333333333333333,85.0,3.6917624142788776,-2.7717479466963235,High,0
0.0,0.7000000000000001,0.0,0.0,0.0,0.0,0.5,0.3333333333333333,0.6666666666666666,89.0,3.543789546277158,-2.7521788170678243,High,0
0.0,0.7000000000000001,0.0,0.0,0.0,0.0,0.5,0.5,0.3333333333333333,85.0,3.519472690288854,-2.848348859920662,High,0
0.0,0.7000000000000001,0.25,1.0,0.2,0.5,0.25,0.5,0.3333333333333333,80.0,2.782594985382036,1.7780522831721086,Medium,2
0.0,0.7000000000000001,0.0,0.0,0.0,0.0,0.5,0.5,0.5,95.0,3.553641979403852,-2.772379373674367,High,0
1.0,0.7000000000000001,0.25,0.2,0.2,0.5,1.0,0.6666666666666666,0.6666666666666666,70.0,3.145127502443093,-0.6996989505426559,Medium,1
0.0,0.7000000000000001,0.75,0.2,0.6000000000000001,0.5,0.75,0.3333333333333333,0.5,65.0,2.803706445139574,0.8217362346490953,Medium,2
0.0,0.7000000000000001,0.0,0.0,0.0,0.0,0.25,0.5,0.3333333333333333,45.0,3.6037189697954926,-2.883285805975829,Low,0
1.0,0.7000000000000001,0.0,0.0,0.0,0.0,0.5,0.6666666666666666,0.8333333333333333,60.0,3.662873436965927,-2.4902698380718578,Low,0
1.0,0.7000000000000001,0.75,0.8,0.8,0.5,0.25,0.3333333333333333,0.5,85.0,2.505575561536543,3.409584834861448,High,1
0.0,0.7000000000000001,0.0,0.0,0.0,0.0,0.75,0.5,0.5,75.6,3.4693956998972126,-2.7374424276191993,Medium,0
1.0,0.7000000000000001,0.5,0.2,0.6000000000000001,0.5,0.75,0.8333333333333333,0.8333333333333333,79.8,3.0703083940532103,0.7410602276501068,Medium,1
1.0,0.7000000000000001,0.5,1.0,0.4,0.5,0.5,0.3333333333333333,0.6666666666666666,70.0,2.566244995893391,2.892701460671721,Medium,1
0.0,0.7000000000000001,0.0,0.0,0.0,0.0,0.25,0.3333333333333333,0.3333333333333333,88.0,3.5596972475537996,-2.9390547356155823,High,0
1.0,0.7000000000000001,0.0,0.0,0.0,0.0,0.5,0.3333333333333333,0.3333333333333333,74.0,3.472322125137546,-2.829716156090249,Medium,0
1.0,0.7000000000000001,0.5,1.0,0.2,0.5,0.75,0.6666666666666666,0.6666666666666666,80.0,2.6540068370626564,2.6043591127659553,Medium,1
0.0,0.7000000000000001,0.5,0.6000000000000001,0.4,0.5,0.5,0.5,0.3333333333333333,60.0,2.798076931824152,1.28979398060733,Low,2
0.0,0.7000000000000001,0.0,0.0,0.0,0.0,0.25,0.16666666666666666,0.16666666666666666,75.0,3.4815062361971068,-3.07079315150163,Medium,0
0.0,0.7000000000000001,0.0,0.0,0.0,0.0,0.25,0.5,0.6666666666666666,85.0,3.6720575480254896,-2.731346833483239,High,0
1.0,0.7000000000000001,0.75,0.2,0.6000000000000001,0.5,0.5,0.8333333333333333,0.8333333333333333,79.0,3.0852276266916743,1.1804466834759424,Medium,1
1.0,0.7000000000000001,0.75,0.2,0.8,0.5,0.5,1.0,0.6666666666666666,90.0,3.0111153836258513,1.5950632801098408,High,1
0.0,0.7000000000000001,0.5,0.8,0.6000000000000001,0.5,0.5,0.6666666666666666,0.5,87.0,2.6657932924836,2.5725174516045106,High,2
1.0,0.7000000000000001,0.25,0.2,0.2,0.5,0.25,0.8333333333333333,0.3333333333333333,55.0,3.3735494849747063,-0.9006798315609954,Low,1
0.0,0.7000000000000001,0.0,0.0,0.0,0.0,0.75,0.5,0.6666666666666666,98.0,3.5035649890122116,-2.6614729413729044,High,0
1.0,0.7000000000000001,0.25,0.8,0.2,0.5,0.5,0.8333333333333333,0.6666666666666666,80.0,2.9781118601838905,1.4346997925988436,Medium,1
1.0,0.7000000000000001,0.0,0.0,0.0,0.0,0.25,0.6666666666666666,0.3333333333333333,67.0,3.6446118491275703,-2.7531152428659107,Medium,0
1.0,0.7000000000000001,0.5,0.2,0.8,0.5,0.5,0.6666666666666666,0.5,75.0,2.958229696895641,0.9332325327030357,Medium,1
1.0,0.7000000000000001,0.25,0.2,0.2,0.5,0.5,0.3333333333333333,0.5,75.0,3.191407327857987,-0.9570801881787916,Medium,1
1.0,0.7000000000000001,0.75,0.6000000000000001,0.4,0.5,0.25,0.3333333333333333,0.5,90.0,2.800014888426305,1.8237826265098755,High,1
0.0,0.7000000000000001,0.5,0.4,0.4,0.5,0.5,0.6666666666666666,0.5,67.5,3.0027779176855685,0.7053644946226836,Medium,2
1.0,0.8,0.0,0.0,0.0,0.0,0.0,0.6666666666666666,0.5,100.0,4.7431709763656675,-2.544590649819077,High,0
0.0,0.8,0.0,0.0,0.0,0.0,0.0,0.6666666666666666,0.6666666666666666,80.0,4.780469108390281,-2.543022797042948,Medium,0
1.0,0.8,0.0,0.0,0.0,0.0,0.0,1.0,1.0,100.0,4.933722288194049,-2.2051443318006863,High,0
0.0,0.8,0.25,1.0,0.2,0.5,0.0,0.6666666666666666,0.5,100.0,3.9251758348618226,2.0423458058586945,High,2
0.0,0.8,0.0,0.0,0.0,0.0,0.0,1.0,1.0,100.0,4.936851131103663,-2.279545965270852,High,0
0.0,0.8,0.0,0.0,0.0,0.0,0.0,0.8333333333333333,0.5,85.0,4.790321541516975,-2.56322335364949,High,0
0.0,0.8,0.0,0.0,0.0,0.0,0.0,0.8333333333333333,1.0,100.0,4.89282940886197,-2.3353148949106046,High,0
0.0,0.8,0.0,0.0,0.0,0.0,0.0,0.8333333333333333,0.8333333333333333,100.0,4.858660119746973,-2.4112843811569,High,0
1.0,0.8,1.0,1.0,0.6000000000000001,0.5,0.0,0.8333333333333333,0.8333333333333333,100.0,3.658496799434336,4.617059853585092,High,1
1.0,0.8,0.5,0.8,0.4,0.5,0.0,0.8333333333333333,0.8333333333333333,90.0,4.007625543867934,2.5174279947119524,High,1
0.0,0.8,0.5,0.8,0.4,0.5,0.0,0.8333333333333333,0.8333333333333333,100.0,4.010754386777548,2.4430263612417873,High,2
0.0,0.8,0.0,0.0,0.0,0.0,0.0,0.6666666666666666,0.5,100.0,4.746299819275282,-2.618992283289243,High,0
0.0,0.8,0.0,0.0,0.0,0.0,0.0,0.8333333333333333,0.5,100.0,4.790321541516975,-2.56322335364949,High,0
0.0,0.8,0.5,1.0,0.4,0.5,0.0,1.0,1.0,100.0,3.9624354236295103,3.2909326789985283,High,2
0.0,0.8,0.0,0.0,0.0,0.0,0.0,0.8333333333333333,0.8333333333333333,85.0,4.858660119746973,-2.4112843811569,High,0
1.0,0.8,0.75,1.0,0.2,0.5,0.0,0.8333333333333333,0.8333333333333333,100.0,3.89575319868755,3.27310214522321,High,1
1.0,0.8,1.0,0.8,0.6000000000000001,0.5,0.0,0.8333333333333333,0.8333333333333333,100.0,3.7850067739390605,3.9008919517143976,High,1
1.0,0.8,0.5,1.0,0.2,0.5,0.0,0.8333333333333333,0.6666666666666666,80.0,3.9309109564407256,2.7228092570959124,Medium,1
1.0,0.8,1.0,0.4,0.4,0.5,0.0,1.0,0.8333333333333333,100.0,4.166013121382723,2.089507924372324,High,1
1.0,0.8,0.0,0.0,0.0,0.0,0.0,0.5,0.5,100.0,4.699149254123973,-2.6003595794588303,High,0
0.0,0.8,0.0,0.0,0.0,0.0,0.0,0.5,0.6666666666666666,100.0,4.736447386148586,-2.598791726682701,High,0
1.0,0.8,0.25,0.8,0.2,0.5,0.0,0.8333333333333333,0.8333333333333333,100.0,4.160917266928625,1.6082874395905096,High,1
0.0,0.8,0.0,0.0,0.0,0.0,0.0,0.8333333333333333,0.8333333333333333,90.0,4.858660119746973,-2.4112843811569,High,0
0.0,0.8,0.25,1.0,0.2,0.5,0.0,0.6666666666666666,0.6666666666666666,100.0,3.9593451239768216,2.11831529210499,High,2
0.0,0.8,0.5,0.4,0.2,0.5,0.0,0.8333333333333333,0.6666666666666666,80.0,4.313569722864515,0.49990391801366485,Medium,2
0.0,0.8,0.25,0.2,0.2,0.5,0.0,0.8333333333333333,0.8333333333333333,100.0,4.543576033352415,-0.6146178994917375,High,0
1.0,0.8,1.0,0.2,0.4,0.5,0.0,0.5,0.5,60.0,4.092119350932371,1.0540942610897828,Low,1
1.0,0.8,0.25,0.6000000000000001,0.2,0.5,0.0,0.6666666666666666,0.6666666666666666,100.0,4.209236230076658,0.7603811218337677,High,1
0.0,0.8,0.5,1.0,0.2,0.5,0.0,0.5,0.5,60.0,3.811827065751955,2.4609002780999454,Low,2
0.0,0.8,0.0,0.0,0.0,0.0,0.0,0.6666666666666666,0.6666666666666666,100.0,4.780469108390281,-2.543022797042948,High,0
0.0,0.8,0.0,0.0,0.0,0.0,0.0,0.8333333333333333,0.6666666666666666,100.0,4.824490830631974,-2.487253867403195,High,0
0.0,0.8,0.75,0.8,0.2,0.5,0.0,0.8333333333333333,0.8333333333333333,100.0,4.025392016101889,2.482532609882351,High,2
1.0,0.8,0.75,1.0,0.6000000000000001,0.5,0.0,0.8333333333333333,0.8333333333333333,85.0,3.7278238463025124,4.142736451704087,High,1
1.0,0.8,0.75,0.2,0.4,0.5,0.0,0.8333333333333333,0.8333333333333333,70.0,4.317828420513933,0.8432476909808733,Medium,1
1.0,0.8,0.25,0.2,0.8,0.5,0.0,0.8333333333333333,0.8333333333333333,100.0,4.288553161865246,0.7642351936997462,High,1
1.0,0.8,0.5,0.6000000000000001,0.4,0.5,0.0,1.0,1.0,98.5,4.212326529729348,1.932998508727307,High,1
1.0,0.8,0.0,0.0,0.0,0.0,0.0,0.8333333333333333,0.8333333333333333,100.0,4.855531276837358,-2.336882747686734,High,0
1.0,0.8,1.0,0.2,0.4,0.5,0.0,0.8333333333333333,0.6666666666666666,100.0,4.214332084530757,1.2416016066155837,High,1
1.0,0.8,1.0,1.0,1.0,0.5,0.0,0.8333333333333333,1.0,100.0,3.5247367361642965,5.562663646312265,High,1
0.0,0.9,0.0,0.0,0.0,0.0,0.5,0.6666666666666666,0.6666666666666666,80.0,5.59212010799346,-2.3056568520769076,Medium,0
0.0,0.9,0.0,0.0,0.0,0.0,0.5,0.6666666666666666,0.5,84.0,5.557950818878461,-2.3816263383232026,High,0
0.0,0.9,0.0,0.0,0.0,0.0,0.25,0.6666666666666666,0.6666666666666666,95.33,5.6763663875001,-2.3405937981320752,High,0
0.0,0.9,1.0,0.6000000000000001,0.2,0.5,0.5,0.6666666666666666,0.3333333333333333,87.0,4.747696353754926,2.1943766664800615,High,2
0.0,0.9,0.25,1.0,0.2,0.5,1.0,0.6666666666666666,0.3333333333333333,90.0,4.534164986336726,2.2736161566887745,High,2
0.0,0.9,0.25,1.0,0.2,0.5,0.25,0.5,0.6666666666666666,45.0,4.811220680844946,2.264975361376111,Low,2
0.0,0.9,0.0,0.0,0.0,0.0,0.5,0.6666666666666666,0.3333333333333333,90.0,5.523781529763462,-2.4575958245694975,High,0
0.0,0.9,1.0,0.6000000000000001,0.2,0.5,0.25,0.5,0.6666666666666666,65.0,4.85625948924987,2.255609763277733,Medium,2
0.0,0.9,0.0,0.0,0.0,0.0,0.5,0.8333333333333333,0.3333333333333333,100.0,5.567803252005155,-2.4018268949297448,High,0
0.0,0.9,0.25,1.0,0.2,0.5,0.75,1.0,0.8333333333333333,98.0,4.808962577671747,2.5781255286519986,High,2
0.0,0.9,0.0,0.0,0.0,0.0,0.25,0.5,0.16666666666666666,63.0,5.52983679791341,-2.624271186510713,Medium,0
0.0,0.9,0.25,0.6000000000000001,0.2,0.5,0.5,0.5,0.5,70.0,4.945825061232758,0.7916070174435941,Medium,2
0.0,0.9,0.0,0.0,0.0,0.0,0.5,0.5,0.6666666666666666,75.0,5.548098385751765,-2.3614257817166604,Medium,0
0.0,0.9,0.0,0.0,0.0,0.0,1.0,0.6666666666666666,0.8333333333333333,80.0,5.457796838095182,-2.159813473720278,Medium,0
0.0,0.9,0.0,0.0,0.0,0.0,0.75,0.5,0.5,62.0,5.429682817130128,-2.402458321907788,Medium,0
0.0,0.9,0.0,0.0,0.0,0.0,0.75,0.6666666666666666,0.3333333333333333,80.0,5.4395352502568235,-2.4226588785143304,Medium,0
0.0,0.9,0.0,0.0,0.0,0.0,0.5,0.6666666666666666,0.6666666666666666,67.0,5.59212010799346,-2.3056568520769076,Medium,0
1.0,0.9,0.5,1.0,0.4,0.5,1.0,0.5,0.5,72.5,4.367891987239724,3.2773589018869256,Medium,1
1.0,0.9,0.0,0.0,0.0,0.0,0.25,0.3333333333333333,0.5,46.5,5.551024810992099,-2.4536995101877097,Low,0
1.0,0.9,0.75,1.0,0.6000000000000001,0.5,0.25,0.5,0.6666666666666666,80.0,4.501508391813945,4.15765810508916,Medium,1
1.0,0.9,0.75,0.6000000000000001,0.6000000000000001,0.5,0.75,0.8333333333333333,0.8333333333333333,90.0,4.708248515408504,2.982703538983908,High,1
1.0,0.9,0.75,1.0,1.0,0.5,0.75,0.8333333333333333,0.6666666666666666,90.0,4.253129924899016,5.208704162959879,High,1
1.0,0.9,1.0,0.2,0.4,0.5,0.75,0.6666666666666666,0.3333333333333333,63.0,4.829376504155607,1.3061965955044466,Medium,1
1.0,0.9,0.75,0.8,0.2,0.5,0.75,0.5,0.5,70.0,4.593285870575429,2.5657603026016282,Medium,1
1.0,0.9,0.75,1.0,0.4,0.5,0.25,0.6666666666666666,0.5,77.0,4.59532550113316,3.702640395242181,Medium,1
1.0,0.9,0.75,0.8,0.6000000000000001,0.5,0.5,0.5,0.6666666666666666,96.0,4.543772086812031,3.4764271492736345,High,1
1.0,0.9,0.25,0.4,0.6000000000000001,0.5,0.5,0.8333333333333333,0.6666666666666666,70.0,5.023489574041219,1.2069824010497463,Medium,1
1.0,0.9,0.5,0.6000000000000001,0.2,0.5,0.5,0.8333333333333333,0.8333333333333333,62.0,5.029751194168354,1.6038088845668588,Medium,1
1.0,0.9,1.0,0.8,0.6000000000000001,0.5,0.25,0.8333333333333333,0.3333333333333333,50.0,4.578396185703885,3.875412491886385,Low,1
1.0,0.9,1.0,0.6000000000000001,0.4,0.5,0.75,0.8333333333333333,0.8333333333333333,76.0,4.722886144732846,3.0222097876244716,Medium,1
0.0,0.9,0.0,0.0,0.0,0.0,0.25,0.5,0.5,91.0,5.5981753761434065,-2.472332214018123,High,0
1.0,0.9,0.5,0.4,0.4,0.5,0.5,0.6666666666666666,0.3333333333333333,92.0,4.925766902893872,1.0387807475579667,High,1
1.0,1.0,0.25,1.0,0.2,0.5,0.25,0.3333333333333333,0.6666666666666666,75.0,5.744213674310097,2.4511001180622287,Medium,1
1.0,1.0,0.5,1.0,0.6000000000000001,0.5,0.5,0.16666666666666666,0.3333333333333333,95.5,5.310350695078555,3.622286870346935,High,1
0.0,1.0,0.25,0.8,0.2,0.5,0.75,0.6666666666666666,0.3333333333333333,50.0,5.7250647989645485,1.6900033616186185,Low,2
0.0,1.0,0.25,1.0,0.2,0.5,0.25,0.3333333333333333,0.3333333333333333,75.5,5.679003938989713,2.2247595120994728,Medium,2
0.0,1.0,1.0,0.2,0.4,0.5,0.5,0.6666666666666666,0.6666666666666666,80.0,5.965233763418316,1.5162890413274095,Medium,2
0.0,1.0,0.5,0.8,0.2,0.5,0.5,0.6666666666666666,0.5,80.0,5.774153320718011,2.2053593036907495,Medium,2
0.0,1.0,0.25,1.0,0.4,0.5,0.5,0.6666666666666666,0.6666666666666666,85.0,5.667175006003942,2.9579904431671746,High,2
1.0,1.0,1.0,0.2,0.2,0.5,0.25,0.3333333333333333,0.3333333333333333,65.0,5.973933853494473,0.8574597437298728,Medium,1
1.0,1.0,1.0,0.2,0.6000000000000001,0.5,0.75,0.6666666666666666,0.8333333333333333,90.0,5.828063253924543,2.1364142603394765,High,1
0.0,1.0,0.0,0.0,0.0,0.0,0.5,0.5,0.16666666666666666,70.0,6.425734077023228,-2.4218421875998404,Medium,0
0.0,1.0,0.0,0.0,0.0,0.0,0.75,0.5,0.3333333333333333,90.0,6.375657086631587,-2.310935755298378,High,0
1.0,1.0,1.0,0.2,0.6000000000000001,0.5,0.5,0.6666666666666666,0.5,85.0,5.843970955201184,1.949538341791719,High,1
0.0,1.0,1.0,0.2,1.0,0.5,0.5,0.3333333333333333,0.3333333333333333,80.0,5.556957712127374,2.5572636692766313,Medium,2
0.0,1.0,0.75,0.6000000000000001,0.4,0.5,0.25,0.3333333333333333,0.5,85.0,5.743574407185295,2.251857151606825,High,2
0.0,1.0,0.75,0.6000000000000001,0.4,0.5,0.5,0.6666666666666666,0.3333333333333333,85.0,5.7132022830470435,2.322362470695202,High,2
0.0,1.0,0.25,0.6000000000000001,0.2,0.5,0.25,0.3333333333333333,0.6666666666666666,65.0,6.000362466229162,0.9443626808506753,Medium,2
1.0,1.0,1.0,0.2,0.4,0.5,0.25,0.5,0.3333333333333333,65.0,5.933990899543649,1.3480458266100648,Medium,1
0.0,1.0,1.0,0.2,0.8,0.5,0.25,0.3333333333333333,0.3333333333333333,60.5,5.725168667826533,2.087509569981025,Medium,2
1.0,1.0,0.5,0.2,0.4,0.5,0.5,0.5,0.5,63.0,6.02256800288836,0.5103054551495205,Medium,1
1.0,1.0,1.0,0.2,0.6000000000000001,0.5,0.5,0.5,0.3333333333333333,55.0,5.76577994384449,1.8177999259056712,Low,1
1.0,0.7000000000000001,1.0,0.2,1.0,0.5,0.25,0.3333333333333333,0.5,66.0,2.7318137619900247,2.1702216843708095,Medium,1
1.0,0.7000000000000001,0.25,0.8,0.2,0.5,0.5,0.6666666666666666,0.6666666666666666,85.0,2.9340901379421975,1.3789308629590904,High,1
1.0,0.7000000000000001,0.25,0.6000000000000001,0.4,0.5,0.5,0.5,0.6666666666666666,97.0,2.93261371401271,1.0418111846890845,High,1
0.0,0.7000000000000001,0.5,0.4,0.2,0.5,0.75,0.5,0.6666666666666666,85.0,2.992643881244754,0.3256848440439555,High,2
1.0,0.7000000000000001,0.0,0.0,0.0,0.0,0.5,0.5,0.6666666666666666,82.2,3.584682425609236,-2.622008253957906,High,0
0.0,0.7000000000000001,0.0,0.0,0.0,0.0,0.75,0.8333333333333333,0.5,75.0,3.5574391443805986,-2.6259045683396938,Medium,0
0.0,0.7000000000000001,0.25,1.0,0.2,0.5,0.25,0.8333333333333333,0.3333333333333333,81.0,2.870638429865422,1.8895901424516142,High,2
0.0,0.7000000000000001,1.0,0.2,0.4,0.5,0.75,0.5,0.6666666666666666,83.5,2.8965350858206085,0.9929808991757074,High,2
1.0,0.7000000000000001,1.0,0.2,0.4,0.5,1.0,0.5,0.5,70.0,2.774990674289355,1.0263499924547457,Medium,1
1.0,0.7000000000000001,0.5,0.8,0.4,0.5,0.5,0.5,0.16666666666666666,80.0,2.6342688252948134,2.0043940297018965,Medium,1
0.0,0.7000000000000001,0.0,0.0,0.0,0.0,0.75,0.6666666666666666,0.6666666666666666,65.0,3.5475867112539046,-2.6057040117331516,Medium,0
1.0,0.7000000000000001,1.0,0.2,0.6000000000000001,0.5,0.5,0.6666666666666666,0.5,75.0,2.903540279351809,1.4470621832246024,Medium,1
0.0,0.7000000000000001,0.0,0.0,0.0,0.0,0.5,0.5,0.5,75.0,3.553641979403852,-2.772379373674367,Medium,0
0.0,0.7000000000000001,0.5,0.8,0.2,0.5,0.5,0.6666666666666666,0.6666666666666666,65.0,2.8678919339836355,1.7788526313699276,Medium,2
1.0,0.30000000000000004,0.5,1.0,0.2,0.5,0.5,0.6666666666666666,0.5,60.0,-1.2164904070115368,1.82348446904167,Low,1
0.0,0.30000000000000004,0.25,0.8,0.4,0.5,0.25,0.3333333333333333,0.3333333333333333,60.5,-1.1394556730132845,0.7709643934792796,Medium,2
0.0,0.30000000000000004,1.0,0.8,0.4,0.5,0.5,0.5,0.5,55.3,-1.3534920817677594,2.3606099610635045,Low,2
1.0,0.30000000000000004,1.0,1.0,0.6000000000000001,0.5,0.75,1.0,0.6666666666666666,70.0,-1.485107399041179,3.8642098708655226,Medium,1
1.0,0.30000000000000004,0.75,0.8,0.6000000000000001,0.5,0.25,0.5,0.5,55.0,-1.287012274495078,2.3605683998379385,Low,1
1.0,0.30000000000000004,1.0,0.6000000000000001,0.8,0.5,0.5,0.5,0.3333333333333333,70.0,-1.4322095916726845,2.5125085128975595,Medium,1
1.0,0.30000000000000004,0.75,0.2,0.8,0.5,0.75,0.5,0.6666666666666666,60.0,-1.1257702970717012,0.7927252258229265,Low,1
0.0,0.30000000000000004,0.25,1.0,0.4,0.5,0.5,0.3333333333333333,0.3333333333333333,60.0,-1.3502119270246489,1.5220692414051387,Low,2
1.0,0.30000000000000004,1.0,0.4,1.0,0.5,1.0,0.6666666666666666,0.6666666666666666,60.0,-1.4457965519020664,2.5087395585099834,Low,1
1.0,0.30000000000000004,0.0,0.0,0.0,0.0,0.5,0.3333333333333333,0.3333333333333333,70.0,-0.44825210932828785,-3.499684367513071,Medium,0
1.0,0.30000000000000004,1.0,0.4,1.0,0.5,0.5,0.6666666666666666,0.8333333333333333,60.0,-1.2431347037737894,2.5148351526459427,Low,1
0.0,0.30000000000000004,0.75,1.0,0.2,0.5,0.25,0.6666666666666666,0.6666666666666666,55.5,-1.1642730423484595,2.264438777643636,Low,2
0.0,0.30000000000000004,0.0,0.0,0.0,0.0,0.5,0.6666666666666666,0.6666666666666666,70.0,-0.28874124370528964,-3.310609169211141,Medium,0
0.0,0.30000000000000004,1.0,1.0,0.6000000000000001,0.5,0.5,1.0,0.6666666666666666,65.0,-1.3977322766249247,3.754871291340189,Medium,2
1.0,0.30000000000000004,0.5,0.8,0.2,0.5,0.5,0.6666666666666666,0.5,78.0,-1.0899804325068119,1.107316567170976,Medium,1
0.0,0.30000000000000004,1.0,0.2,0.4,0.5,0.25,0.6666666666666666,0.6666666666666666,61.0,-0.8115248673902533,0.30890772528230315,Medium,2
0.0,0.30000000000000004,0.0,0.0,0.0,0.0,0.5,0.8333333333333333,0.8333333333333333,70.5,-0.2105502323485977,-3.1788707533250933,Medium,0
0.0,0.30000000000000004,0.0,0.0,0.0,0.0,0.5,0.8333333333333333,0.6666666666666666,72.0,-0.24471952146359577,-3.2548402395713882,Medium,0
0.0,0.30000000000000004,0.25,0.2,0.2,0.5,0.5,1.0,0.5,92.5,-0.5499511747314596,-1.4783743145127684,High,2
1.0,0.30000000000000004,0.5,1.0,0.2,0.5,0.25,0.5,0.6666666666666666,65.0,-1.1420965606315918,1.8087480795930464,Medium,1
1.0,0.30000000000000004,0.25,0.2,0.6000000000000001,0.5,0.75,1.0,0.6666666666666666,64.0,-0.771086360417752,-0.4234319422602608,Medium,1
0.0,0.30000000000000004,0.0,0.0,0.0,0.0,0.25,0.8333333333333333,0.5,85.0,-0.19464253107195528,-3.3657466718728504,High,0
1.0,0.30000000000000004,0.25,1.0,0.4,0.5,0.75,1.0,0.8333333333333333,79.0,-1.1589922931291352,2.0823919982283705,Medium,1
0.0,0.30000000000000004,0.0,0.0,0.0,0.0,0.25,0.6666666666666666,0.3333333333333333,86.0,-0.2728335424286463,-3.4974850877588985,High,0
1.0,0.7000000000000001,0.25,0.2,1.0,0.5,0.5,0.3333333333333333,0.6666666666666666,88.0,2.8897179122029124,0.8581579110292612,High,1
1.0,0.7000000000000001,1.0,0.2,0.4,0.5,1.0,0.5,0.6666666666666666,70.0,2.809159963404354,1.102319478701041,Medium,1
1.0,0.7000000000000001,0.75,0.2,0.8,0.5,0.5,0.3333333333333333,0.3333333333333333,89.0,2.7666899164290815,1.220048589058238,High,1
0.0,0.7000000000000001,0.0,0.0,0.0,0.0,0.25,0.6666666666666666,0.5,90.0,3.6819099811521836,-2.7515473900897813,High,0
1.0,0.7000000000000001,1.0,0.2,1.0,0.5,0.25,0.3333333333333333,0.3333333333333333,70.0,2.6976444728750266,2.094252198124514,Medium,1
1.0,0.7000000000000001,1.0,0.6000000000000001,0.6000000000000001,0.5,0.5,0.5,0.5,75.0,2.606498608100666,2.8236290573262375,Medium,1
1.0,0.7000000000000001,0.75,0.8,0.6000000000000001,0.5,0.25,0.6666666666666666,0.6666666666666666,40.0,2.7117529713274466,3.1622750271468094,Low,1
1.0,0.1,0.5,0.2,0.6000000000000001,0.5,0.25,0.3333333333333333,0.16666666666666666,55.0,-2.9108027218173333,-0.8049507154989008,Low,1
1.0,0.1,0.0,0.0,0.0,0.0,0.25,0.3333333333333333,0.16666666666666666,45.0,-2.3584622361695633,-3.9455749055259446,Low,0
1.0,0.1,0.25,0.8,0.2,0.5,0.5,0.6666666666666666,0.5,87.0,-2.9809405028715523,0.29800905957856205,High,1
1.0,0.1,1.0,0.2,1.0,0.5,0.5,0.6666666666666666,0.5,82.0,-3.145250424731978,1.311744172571248,High,1
0.0,0.4,0.25,1.0,0.4,0.5,0.75,0.6666666666666666,0.5,100.0,-0.33210191431644454,1.912005585841814,High,2
1.0,0.4,1.0,0.4,0.2,0.5,0.5,0.6666666666666666,0.6666666666666666,100.0,0.03869827049774521,0.8670891062935961,High,1
0.0,0.4,0.0,0.0,0.0,0.0,0.0,0.0,0.0,100.0,0.5471308284976804,-3.739944672009962,High,0
1.0,0.0,0.0,0.0,0.0,0.0,0.75,0.8333333333333333,0.6666666666666666,60.0,-3.2725253197292252,-3.647977818613172,Low,0
1.0,0.0,0.0,0.0,0.0,0.0,0.5,0.5,0.3333333333333333,64.75,-3.3446610629359697,-3.946391596440435,Medium,0
1.0,0.0,0.5,0.4,1.0,0.5,0.5,0.3333333333333333,0.16666666666666666,50.0,-4.269631886830193,0.6482963860521345,Low,1
0.0,0.1,0.25,0.8,0.2,0.5,0.25,0.6666666666666666,0.6666666666666666,70.0,-2.859396091340299,0.2646399662995247,Medium,2
0.0,0.1,0.5,1.0,0.8,0.5,0.5,0.6666666666666666,0.5,45.5,-3.4255427099123925,2.7185501895814115,Low,2
0.0,0.1,0.75,0.6000000000000001,0.6000000000000001,0.5,0.5,0.3333333333333333,0.3333333333333333,57.0,-3.2800978651769856,1.1382132889547867,Low,2
1.0,0.1,0.25,0.6000000000000001,0.6000000000000001,0.5,0.5,0.6666666666666666,0.3333333333333333,89.0,-3.056529169866862,0.3755059779424519,High,1
1.0,0.1,0.75,0.6000000000000001,0.6000000000000001,0.5,0.25,0.6666666666666666,0.3333333333333333,50.0,-3.110936984096575,1.2892158356492915,Low,1
0.0,0.1,0.0,0.0,0.0,0.0,0.5,0.5,0.5,94.0,-2.3272193722948975,-3.7773316908086003,High,0
1.0,0.1,0.25,0.8,0.4,0.5,0.5,0.5,0.6666666666666666,85.0,-3.0747576121907656,0.7530267694255439,High,1
1.0,0.1,0.25,0.4,0.8,0.5,0.25,0.5,0.5,67.5,-2.939590025174711,0.07941883986357379,Medium,1
1.0,0.8,0.5,1.0,0.2,0.5,0.5,0.8333333333333333,0.8333333333333333,100.0,3.7965876865424457,2.8686526354525412,High,1
0.0,0.30000000000000004,0.5,0.2,0.6000000000000001,0.5,1.0,0.8333333333333333,0.6666666666666666,75.0,-0.9655525661246447,-0.04434215743400838,Medium,2
0.0,0.30000000000000004,0.5,0.2,0.6000000000000001,0.5,0.5,0.6666666666666666,0.6666666666666666,77.0,-0.8410817293530597,-0.16998497918409594,Medium,2
0.0,0.8,0.5,1.0,0.4,0.5,0.0,0.8333333333333333,0.8333333333333333,100.0,3.88424441227282,3.1591942631124796,High,2
